membership_id,check_in_date,check_in_time,check_out_time
NL318,20180212,329,365
NL318,20170811,469,920
NL318,20180429,506,554
NL318,20180128,124,759
NL318,20171027,418,1019
NL318,20171018,608,1074
NL318,20171127,850,954
NL318,20170627,591,715
NL318,20180114,777,813
NL318,20171107,148,460
NL318,20170420,647,1113
NL318,20180110,476,498
NL318,20171206,892,1197
NL318,20180220,272,1118
NL318,20170527,851,1111
NL318,20170625,201,542
NL318,20170324,236,1043
NL318,20180224,262,438
NL318,20170507,645,1047
NL318,20180216,86,649
NL318,20170120,1015,1104
NL318,20170220,367,567
NL318,20170417,366,649
NL318,20170820,237,1110
NL318,20170121,476,648
NL318,20180116,374,1130
AOE21,20180414,1034,1087
AOE21,20170220,932,1181
AOE21,20170802,1027,1055
AOE21,20171106,968,1043
AOE21,20180112,492,867
AOE21,20171103,647,758
AOE21,20170530,734,1118
AOE21,20170726,721,1093
2PN28,20170122,866,944
2PN28,20171229,499,815
2PN28,20170823,21,652
2PN28,20170718,211,570
2PN28,20170414,697,936
2PN28,20170309,109,181
2PN28,20171121,970,1153
2PN28,20170615,652,1167
0YJ24,20170501,485,838
0YJ24,20170614,671,760
0YJ24,20180425,1084,1094
0YJ24,20170824,130,508
0YJ24,20180422,1074,1133
0YJ24,20170210,390,536
0YJ24,20180426,1079,1106
0YJ24,20170806,1157,1200
0YJ24,20180313,1068,1102
0YJ24,20180331,838,894
0YJ24,20170726,362,610
0YJ24,20180329,910,929
0YJ24,20171007,617,964
3A08L,20170917,189,299
3A08L,20180310,1071,1099
3A08L,20170524,248,1196
6W6I2,20180202,774,952
6W6I2,20180126,128,388
6W6I2,20180123,177,819
6W6I2,20170215,1017,1108
6W6I2,20170219,843,972
6W6I2,20170721,1126,1173
5Y28Y,20170610,983,1198
5Y28Y,20170415,652,916
5Y28Y,20180207,266,715
156A7,20170411,371,907
156A7,20180113,779,964
156A7,20171002,995,1188
156A7,20170821,590,954
156A7,20170517,196,761
156A7,20171024,65,590
156A7,20180329,596,917
156A7,20180128,120,990
156A7,20171013,899,1045
156A7,20170708,693,1078
156A7,20180104,1149,1168
156A7,20180327,213,508
156A7,20170909,638,1084
156A7,20170516,866,1012
156A7,20171231,552,1127
156A7,20170405,276,308
156A7,20180106,241,311
156A7,20170827,759,1015
156A7,20170114,756,859
156A7,20170629,202,463
156A7,20170330,432,934
156A7,20171201,1020,1112
156A7,20170409,1130,1164
156A7,20170630,159,633
156A7,20170409,78,796
156A7,20170518,150,724
156A7,20170524,95,413
156A7,20170212,1055,1069
156A7,20180424,812,989
A5N3S,20171101,646,1102
A5N3S,20171025,105,596
A5N3S,20170815,1028,1197
A5N3S,20170221,203,401
A5N3S,20180101,812,1046
A5N3S,20170313,604,955
A5N3S,20171201,80,174
A5N3S,20170127,579,695
A5N3S,20180316,436,1091
A5N3S,20170121,1174,1185
A5N3S,20171008,504,1122
A5N3S,20170226,94,525
A5N3S,20170924,392,1179
A5N3S,20170921,712,1032
A5N3S,20171110,755,1144
X0643,20170516,798,1178
X0643,20170114,65,287
X0643,20180109,957,1164
X0643,20180111,1077,1121
X0643,20170312,1026,1149
X0643,20170628,245,963
8T75D,20170402,18,1138
8T75D,20170601,1027,1165
8T75D,20171112,410,735
8T75D,20180113,700,952
8T75D,20180413,596,671
8T75D,20170327,638,702
8T75D,20171004,1138,1180
8T75D,20170208,39,1133
8T75D,20170801,34,712
8T75D,20170720,777,827
8T75D,20180130,98,1093
8T75D,20180329,437,570
8T75D,20180213,179,993
8T75D,20180313,941,1044
8T75D,20180123,726,1016
8T75D,20170215,361,941
8T75D,20180421,200,606
8T75D,20170523,477,619
8T75D,20171009,1147,1181
8T75D,20171113,117,778
8T75D,20180111,202,328
8T75D,20170823,427,511
8T75D,20180219,588,1028
R440Q,20170908,374,1179
R440Q,20170923,1077,1123
R440Q,20170203,819,1096
R440Q,20180329,809,960
R440Q,20171206,775,790
R440Q,20170121,856,927
R440Q,20171121,237,262
R440Q,20170220,79,474
R440Q,20171224,888,1035
R440Q,20170202,939,1104
R440Q,20170904,279,796
R440Q,20170906,1051,1103
R440Q,20170626,184,1033
R440Q,20180223,1174,1188
R440Q,20170315,89,1021
R440Q,20180426,806,952
R440Q,20171022,738,779
R4J4S,20170106,87,945
R4J4S,20180425,745,1120
R4J4S,20180305,772,1025
R4J4S,20171007,503,544
R4J4S,20170531,1046,1109
R4J4S,20170914,1109,1150
R4J4S,20170120,650,903
R4J4S,20170821,492,697
R4J4S,20180304,111,900
R4J4S,20180324,906,1179
R4J4S,20180322,1107,1110
K055L,20171217,861,1086
K055L,20171020,247,512
K055L,20170910,321,1078
K055L,20171022,800,872
K055L,20170518,924,1062
K055L,20170711,946,964
K055L,20180215,1056,1097
K055L,20171222,433,673
K055L,20170831,698,1199
338FV,20171029,279,306
338FV,20170525,122,304
338FV,20170604,275,375
338FV,20170826,663,1030
338FV,20170126,812,1120
338FV,20180403,557,1071
338FV,20180128,872,1052
338FV,20180217,778,790
338FV,20180119,794,806
338FV,20180310,925,1029
338FV,20170701,388,1103
338FV,20170927,1038,1089
338FV,20170921,615,686
338FV,20180209,801,1159
338FV,20170111,370,990
338FV,20170626,664,1024
401Y4,20180409,90,238
401Y4,20171203,699,1111
401Y4,20170408,816,1013
401Y4,20170503,120,1011
401Y4,20170116,5,888
401Y4,20170204,681,774
401Y4,20171223,138,635
401Y4,20170527,675,897
401Y4,20180423,99,664
401Y4,20180410,911,943
401Y4,20170825,385,871
401Y4,20170620,404,1017
401Y4,20170531,773,1026
401Y4,20170226,241,595
401Y4,20171010,733,1033
401Y4,20170611,561,1190
401Y4,20170509,685,1109
401Y4,20170730,461,688
401Y4,20170915,441,501
401Y4,20171230,112,208
401Y4,20170404,866,1043
DEQP8,20180106,409,879
DEQP8,20171215,641,1010
DEQP8,20170123,624,806
DEQP8,20171129,689,935
DEQP8,20170727,227,1192
DEQP8,20180311,66,274
DEQP8,20180221,51,750
DEQP8,20171203,575,777
N7F6U,20170421,245,898
N7F6U,20170222,203,1104
N7F6U,20170425,68,375
N7F6U,20170910,413,767
N7F6U,20170306,408,755
N7F6U,20171111,736,1150
N7F6U,20170116,1003,1146
N7F6U,20170809,108,1020
N7F6U,20180208,351,760
N7F6U,20170224,1131,1138
N7F6U,20170810,320,1190
N7F6U,20171002,344,972
N7F6U,20180216,934,1080
N7F6U,20170120,1196,1199
Z7Y82,20170123,678,802
Z7Y82,20170418,638,1179
Z7Y82,20170723,903,1188
Z7Y82,20171225,614,832
Z7Y82,20180213,509,555
Z7Y82,20180223,447,659
Z7Y82,20180417,1183,1192
Z7Y82,20170925,1089,1176
THJ81,20171109,1043,1068
THJ81,20180412,219,575
THJ81,20170920,226,1040
THJ81,20180223,129,497
THJ81,20171209,353,734
THJ81,20170704,976,1176
THJ81,20180303,124,1112
THJ81,20170531,1088,1161
THJ81,20170718,570,879
THJ81,20170116,686,1113
THJ81,20170601,607,1092
THJ81,20171208,509,610
51SWX,20170809,1171,1189
51SWX,20170413,532,1141
51SWX,20170407,1124,1185
51SWX,20180104,327,585
51SWX,20170217,1176,1177
4TZ45,20171008,620,935
4TZ45,20180128,610,1176
4TZ45,20170527,891,922
4TZ45,20170213,197,474
5Y85X,20171211,67,460
5Y85X,20170913,1071,1146
5Y85X,20170516,1033,1141
5Y85X,20170814,10,335
5Y85X,20170523,390,643
5Y85X,20180116,320,1085
5Y85X,20170526,156,824
5Y85X,20171014,883,1140
5Y85X,20170810,1167,1169
5Y85X,20170419,590,877
5Y85X,20170324,420,1171
5Y85X,20180106,1195,1200
5Y85X,20170701,178,358
5Y85X,20171218,442,662
5Y85X,20170417,221,248
5Y85X,20170525,175,704
5Y85X,20170104,951,1019
5Y85X,20170604,279,374
5Y85X,20170816,1115,1155
5Y85X,20180216,630,1077
5Y85X,20170909,61,801
2Q45D,20170809,1065,1196
2Q45D,20171019,827,830
2Q45D,20170127,1148,1192
2Q45D,20171014,758,935
2Q45D,20170624,1059,1196
2Q45D,20171229,1051,1110
2Q45D,20180305,414,936
2Q45D,20180124,901,1079
2Q45D,20170208,137,1133
2Q45D,20171227,4,1188
2Q45D,20180303,613,671
2Q45D,20171216,1010,1129
2Q45D,20170914,711,853
2Q45D,20171018,13,1015
E43E8,20170426,158,954
E43E8,20180101,688,1130
E43E8,20170528,492,830
E43E8,20170307,489,1038
E43E8,20171117,905,1001
E43E8,20171013,161,342
E43E8,20170906,266,613
E43E8,20180226,514,743
E43E8,20180426,256,706
TXNSC,20170326,1065,1160
TXNSC,20170522,450,850
TXNSC,20170225,779,931
TXNSC,20180212,943,1014
TXNSC,20170729,576,842
TXNSC,20170810,213,830
TXNSC,20171129,964,1167
TXNSC,20171010,409,1031
TXNSC,20170720,761,1140
TXNSC,20170322,680,975
TXNSC,20170614,73,691
TXNSC,20171016,273,276
TXNSC,20170207,568,1153
TXNSC,20170427,909,1171
TXNSC,20170221,930,1030
TXNSC,20170220,655,991
TXNSC,20170803,47,217
TXNSC,20170426,1066,1096
TXNSC,20171205,34,732
TXNSC,20171201,630,842
TXNSC,20170927,788,920
TXNSC,20171009,806,1188
TXNSC,20170325,44,466
TXNSC,20180215,176,843
TXNSC,20170405,1048,1135
TXNSC,20171204,490,683
TXNSC,20171023,290,623
TXNSC,20170201,805,1137
1G2F7,20180428,1104,1144
1G2F7,20171211,1154,1178
1G2F7,20170708,932,1167
1G2F7,20170509,844,1141
1G2F7,20171222,697,991
1G2F7,20170608,333,605
0862D,20171104,538,856
0862D,20180117,723,782
0862D,20170112,492,959
1G205,20170811,189,358
1G205,20170514,310,701
1G205,20170410,1125,1163
1G205,20171209,911,1151
1G205,20170527,99,271
1G205,20170419,1021,1046
1G205,20170308,734,1020
1G205,20170620,1017,1121
1G205,20171115,1031,1038
6071T,20170603,287,501
6071T,20170727,430,869
6071T,20180203,75,939
6071T,20170816,606,1143
6071T,20171003,979,1050
6071T,20170920,440,444
6071T,20170502,957,1180
6071T,20170509,82,266
6071T,20180329,763,1136
6071T,20170304,936,1124
6071T,20170116,1184,1200
6071T,20170807,759,1184
6071T,20170207,904,912
6071T,20180428,670,759
6071T,20171011,818,963
6071T,20171231,1055,1163
4D5R1,20170318,83,493
4D5R1,20171117,757,1198
4D5R1,20180202,956,1024
4D5R1,20180328,976,1190
4D5R1,20170607,811,1084
4D5R1,20170407,320,723
4D5R1,20170828,1110,1187
4D5R1,20180304,85,140
4D5R1,20180406,403,896
4D5R1,20170911,365,1146
4D5R1,20170530,545,921
4D5R1,20170204,791,1122
4D5R1,20171028,902,1175
4D5R1,20170109,5,451
4D5R1,20170714,244,442
4D5R1,20171223,657,941
4D5R1,20171119,517,595
4D5R1,20180218,1075,1104
4D5R1,20170302,417,545
4D5R1,20170511,967,1041
4D5R1,20180203,411,867
4D5R1,20170204,437,788
4D5R1,20170611,290,736
4D5R1,20171227,133,904
82GA2,20170101,431,1116
82GA2,20170323,1163,1166
82GA2,20170807,130,344
82GA2,20180402,817,1104
82GA2,20171114,529,723
82GA2,20171225,1009,1155
82GA2,20170728,1122,1151
82GA2,20171205,69,724
82GA2,20171031,1035,1150
82GA2,20171126,258,732
82GA2,20180323,939,1135
82GA2,20170315,22,728
82GA2,20170629,519,1177
82GA2,20171219,893,1024
82GA2,20170716,10,869
82GA2,20180108,980,1035
82GA2,20171109,157,669
82GA2,20170910,410,462
W83OD,20170525,683,1052
W83OD,20180123,714,813
W83OD,20171216,7,502
W83OD,20170126,342,889
W83OD,20180125,428,1122
12C5R,20171108,849,982
12C5R,20170130,284,796
12C5R,20171207,445,900
12C5R,20180429,141,882
12C5R,20180121,343,950
12C5R,20170420,427,566
12C5R,20180131,383,546
12C5R,20171229,1174,1189
12C5R,20170805,1012,1015
12C5R,20171029,471,511
12C5R,20170314,544,726
12C5R,20180114,473,1146
12C5R,20180312,912,1186
12C5R,20170519,1140,1151
12C5R,20180129,827,1182
12C5R,20170908,99,753
8AEAE,20171008,564,689
8AEAE,20171025,951,1200
8AEAE,20171110,899,973
8AEAE,20180217,822,1046
T80FG,20170612,239,437
T80FG,20170922,162,462
T80FG,20170917,327,699
T80FG,20170726,17,952
T80FG,20180127,19,124
T80FG,20171023,242,486
T80FG,20170821,221,672
T80FG,20171022,483,502
T80FG,20170606,1061,1070
T80FG,20180102,145,646
T80FG,20171125,775,880
T80FG,20180106,8,679
T80FG,20171115,188,530
T80FG,20171226,621,1121
T80FG,20170817,704,762
T80FG,20170723,558,641
T80FG,20170612,36,884
T80FG,20180127,141,276
T80FG,20170407,499,1056
T80FG,20170609,1191,1198
T80FG,20170315,42,61
T80FG,20170212,512,527
T80FG,20170411,533,639
T80FG,20170319,1176,1183
T80FG,20180417,179,829
T80FG,20180216,515,945
T80FG,20171227,413,569
T80FG,20180117,585,1020
0CR33,20171019,970,1190
0CR33,20170925,1166,1178
0CR33,20170721,788,918
0CR33,20170829,728,728
0CR33,20171128,1070,1146
0CR33,20170312,630,746
0CR33,20170406,619,1003
0CR33,20170818,375,1140
4JX11,20171127,880,1055
4JX11,20170110,402,1043
4JX11,20170503,302,1117
4JX11,20180105,810,922
4JX11,20170629,585,781
4JX11,20170513,208,739
4JX11,20171009,379,531
4JX11,20171108,641,830
4JX11,20180416,522,995
4JX11,20180427,405,567
4JX11,20170221,660,936
4JX11,20170604,601,694
4JX11,20170203,558,1047
4JX11,20170701,831,879
4JX11,20170211,495,738
4JX11,20180418,685,994
4JX11,20171122,655,710
4JX11,20180324,855,1177
4JX11,20170118,366,755
4JX11,20171118,1149,1173
4JX11,20170821,536,658
4JX11,20171129,462,513
4JX11,20170604,964,971
4JX11,20170207,594,760
4JX11,20171101,925,1180
4JX11,20170531,795,1118
4JX11,20170315,708,1144
4JX11,20170831,882,1158
GHDP5,20170807,1087,1124
GHDP5,20171225,764,832
GHDP5,20170302,1031,1043
GHDP5,20171113,989,1011
GHDP5,20170215,1081,1145
GHDP5,20170703,956,975
GHDP5,20180424,98,512
GHDP5,20180429,964,1002
GHDP5,20170201,745,875
D8FT1,20170217,579,848
D8FT1,20170408,969,1068
D8FT1,20170601,835,888
D8FT1,20171022,340,1125
D8FT1,20170811,997,1004
D8FT1,20171107,43,580
D8FT1,20170319,193,1027
D8FT1,20170105,1094,1134
D8FT1,20171106,1041,1145
D8FT1,20170120,1030,1034
D8FT1,20170210,542,1003
D8FT1,20170917,20,284
D8FT1,20180423,1063,1154
D8FT1,20170225,177,470
0U51D,20170309,593,938
0U51D,20180224,678,1036
0U51D,20170531,559,608
0U51D,20170306,457,719
0U51D,20180501,88,218
355UU,20180418,964,979
355UU,20170102,749,813
355UU,20170513,1031,1177
355UU,20180330,767,1138
V5260,20180426,1088,1175
V5260,20170804,55,1098
V5260,20180123,220,865
V5260,20170908,491,807
V5260,20180228,673,750
V5260,20170327,673,785
V5260,20170705,208,941
V5260,20170606,557,650
6K7I8,20170328,541,854
6K7I8,20180429,74,1032
6K7I8,20170530,1088,1184
6K7I8,20170926,982,1102
6K7I8,20170110,1038,1110
6K7I8,20171125,957,1160
6K7I8,20170427,177,445
6K7I8,20170220,501,1067
6K7I8,20170630,407,1160
6K7I8,20171006,818,1077
6K7I8,20180411,612,903
KE0FH,20180209,138,671
KE0FH,20170902,848,876
KE0FH,20170204,1110,1160
KE0FH,20170823,461,475
KE0FH,20170606,719,923
KE0FH,20170220,563,818
KE0FH,20170107,645,1107
KE0FH,20170128,784,1108
KE0FH,20170830,701,1189
KE0FH,20171203,497,1080
KE0FH,20180101,552,878
KE0FH,20170805,470,638
KE0FH,20170329,858,878
KE0FH,20170802,1020,1060
KE0FH,20171104,737,831
KE0FH,20170101,375,447
KE0FH,20170204,198,218
KE0FH,20180418,1001,1013
KE0FH,20180320,1059,1076
KE0FH,20170824,250,787
KE0FH,20180123,678,808
KE0FH,20170306,614,914
133ED,20180303,482,814
133ED,20180405,23,537
133ED,20170317,1170,1196
133ED,20171015,367,794
133ED,20180422,86,787
133ED,20170914,1121,1159
133ED,20180416,666,755
133ED,20170307,1102,1166
133ED,20170611,490,591
133ED,20170625,818,1150
133ED,20171014,31,1135
133ED,20170531,1093,1100
133ED,20180114,640,761
133ED,20170203,11,1127
133ED,20180430,1197,1200
2B01Y,20170411,89,920
2B01Y,20170125,398,591
2B01Y,20171108,77,523
2B01Y,20180205,857,1107
2B01Y,20180328,295,396
2B01Y,20170719,1062,1098
2B01Y,20170413,390,912
2B01Y,20170409,53,532
2B01Y,20170610,703,848
2B01Y,20170824,1057,1129
2B01Y,20170924,715,837
2B01Y,20170918,606,981
2B01Y,20180428,187,484
2B01Y,20180312,1131,1131
2B01Y,20170728,789,812
2B01Y,20170331,862,1100
2B01Y,20170611,797,930
8SJ77,20170713,826,973
8SJ77,20170509,1036,1175
8SJ77,20171224,227,500
8SJ77,20170607,687,729
8SJ77,20171128,256,324
8SJ77,20170617,1125,1189
8SJ77,20170603,1087,1142
8SJ77,20170228,1169,1172
8SJ77,20180111,719,1003
8SJ77,20180419,948,1197
8SJ77,20171107,164,620
7I67C,20170415,601,676
7I67C,20180315,890,947
0F76P,20180307,979,1011
0F76P,20180211,62,988
0F76P,20171007,710,737
0F76P,20170526,232,1150
0F76P,20180309,1055,1197
ZAB1A,20171018,803,991
ZAB1A,20170117,59,378
ZAB1A,20171224,229,1132
ZAB1A,20171105,720,776
ZAB1A,20170127,459,798
ZAB1A,20170730,81,212
ZAB1A,20170403,4,12
ZAB1A,20180319,44,61
ZAB1A,20170524,641,763
ZAB1A,20170924,1079,1137
ZAB1A,20180428,1050,1157
ZAB1A,20170321,318,734
W5YVL,20170120,855,1124
W5YVL,20170907,113,802
W5YVL,20180427,502,1033
ITWMV,20170222,171,563
ITWMV,20170605,234,1081
ITWMV,20170617,1163,1199
ITWMV,20170113,546,926
ITWMV,20170107,212,447
ITWMV,20170410,141,231
ITWMV,20170907,1072,1142
ITWMV,20170413,556,848
ITWMV,20170703,926,1117
ITWMV,20171109,1176,1188
ITWMV,20180127,795,907
ITWMV,20170711,1191,1199
ITWMV,20170328,1177,1193
ITWMV,20171019,636,1086
ITWMV,20171014,449,998
ITWMV,20170216,447,531
ITWMV,20180131,960,976
ITWMV,20170614,222,1193
ITWMV,20170108,1085,1116
ITWMV,20180302,649,744
ITWMV,20180401,937,1116
ITWMV,20171230,704,746
ITWMV,20170817,21,1048
ITWMV,20180330,718,915
ITWMV,20170816,454,1181
44VO2,20171119,411,727
44VO2,20180125,479,591
44VO2,20171030,98,384
44VO2,20170612,826,870
44VO2,20170330,462,924
44VO2,20170725,683,978
44VO2,20171026,1160,1170
44VO2,20170320,508,886
44VO2,20170429,626,639
44VO2,20170711,881,965
07QP3,20170517,401,598
D2KY6,20180105,769,804
D2KY6,20171209,266,1105
D2KY6,20171120,797,803
D2KY6,20170518,1194,1199
D2KY6,20180115,746,836
D2KY6,20170805,288,466
D2KY6,20170515,463,1148
D2KY6,20170727,226,643
D2KY6,20180123,707,1038
D2KY6,20170221,78,186
D2KY6,20180421,769,1134
D2KY6,20170629,769,1173
D2KY6,20170604,1153,1190
D2KY6,20171107,623,924
5O6SK,20180325,785,1179
NJ876,20180425,553,1052
NJ876,20170325,635,1033
NJ876,20170315,670,753
NJ876,20170314,708,1023
NJ876,20180330,410,533
NJ876,20170806,975,1058
NJ876,20171003,175,356
NJ876,20180318,797,1129
NJ876,20170124,382,716
NJ876,20171120,226,282
NJ876,20171012,1007,1058
NJ876,20170521,1175,1187
NJ876,20170720,264,1136
NJ876,20171122,217,759
NJ876,20180222,865,900
NJ876,20170627,302,1040
NJ876,20170807,466,808
NJ876,20170224,430,1150
NJ876,20170303,464,1060
NJ876,20170301,1112,1156
NJ876,20170808,391,841
7788A,20180212,675,881
7788A,20171214,233,772
7788A,20180208,1118,1145
7788A,20170704,890,910
7788A,20170523,312,788
7788A,20170618,1126,1170
7788A,20180118,1173,1174
7788A,20171212,756,1195
7788A,20170309,554,1171
7788A,20170627,220,730
7788A,20170820,1016,1151
7788A,20180116,1193,1193
7788A,20170615,300,591
7788A,20171122,230,1073
7788A,20170510,474,966
7788A,20170808,760,990
7788A,20170520,993,1194
7788A,20170306,453,510
7788A,20170619,180,195
7788A,20180315,121,738
7788A,20170528,393,912
7788A,20170205,896,911
7788A,20170712,238,1074
7788A,20171014,330,865
7788A,20180106,443,1018
7788A,20171126,596,671
7788A,20180419,575,632
7788A,20180501,532,705
7788A,20170513,248,995
GKZV7,20170529,181,1127
GKZV7,20170111,1188,1198
GKZV7,20170816,274,365
GKZV7,20171014,655,878
GKZV7,20170322,254,604
GKZV7,20180415,712,819
GKZV7,20171008,390,422
GKZV7,20170601,981,1181
PEL8G,20180218,131,602
PEL8G,20170814,634,960
T2JF2,20180326,523,1163
T2JF2,20180124,284,1074
T2JF2,20171225,1193,1194
T2JF2,20180410,967,999
T2JF2,20170927,773,904
43N05,20170426,105,320
43N05,20171110,95,677
43N05,20170127,436,756
43N05,20170302,353,430
43N05,20170830,1156,1179
43N05,20180424,230,709
43N05,20170524,333,1057
43N05,20180122,867,1178
43N05,20170603,636,870
43N05,20170911,522,938
43N05,20170405,464,694
43N05,20171122,1005,1160
43N05,20170612,796,1161
43N05,20180406,529,599
43N05,20170122,134,760
43N05,20180329,773,1147
43N05,20170801,321,1200
43N05,20171218,982,1011
43N05,20170402,1093,1167
43N05,20180224,1059,1157
43N05,20170427,322,749
43N05,20170131,760,1161
43N05,20170317,941,1092
43N05,20170609,859,889
43N05,20170225,724,1014
HI1Q5,20180114,1045,1056
HI1Q5,20171106,1079,1109
HI1Q5,20170216,313,784
HI1Q5,20170711,21,146
HI1Q5,20180301,626,637
HI1Q5,20180126,237,335
HI1Q5,20170617,482,1158
HI1Q5,20170813,892,981
HI1Q5,20171025,103,1000
HI1Q5,20180328,691,1106
HI1Q5,20170318,835,1090
HI1Q5,20180309,563,643
HI1Q5,20170908,598,922
HI1Q5,20170327,761,777
HI1Q5,20171216,862,874
HI1Q5,20170515,577,1080
HI1Q5,20170118,179,569
JQ162,20180130,1178,1195
JQ162,20171003,374,1083
JQ162,20171202,177,956
JQ162,20170403,134,1032
JQ162,20170120,310,368
JQ162,20180125,618,656
JQ162,20180118,1001,1130
JQ162,20180116,1087,1135
JQ162,20170203,674,978
JQ162,20180428,865,1110
JQ162,20180224,543,610
JQ162,20170830,224,1075
JQ162,20170528,374,519
JQ162,20171204,791,1143
JQ162,20180430,137,493
JQ162,20170201,217,369
JQ162,20170709,213,265
JQ162,20180128,732,995
JQ162,20170928,1134,1176
JQ162,20170610,943,1092
JQ162,20170303,1139,1172
JQ162,20180212,893,935
402DQ,20170504,443,724
402DQ,20171210,437,567
402DQ,20170810,852,1176
402DQ,20170804,383,546
402DQ,20170401,190,257
33378,20170707,431,456
33378,20170111,829,1110
33378,20171103,927,979
33378,20180310,364,378
33378,20170415,36,388
33378,20171217,723,761
33378,20171020,673,894
33378,20170209,903,944
33378,20170922,391,1138
33378,20171226,549,762
33378,20170505,904,1114
33378,20170520,758,798
33378,20180214,647,786
33378,20170220,436,527
1RSYJ,20170108,15,219
1RSYJ,20170619,1063,1063
1RSYJ,20170318,123,1037
1RSYJ,20170811,1012,1049
1RSYJ,20180404,164,328
1RSYJ,20170403,996,1122
1RSYJ,20170531,638,698
31A6U,20170506,993,1060
31A6U,20180101,859,892
31A6U,20170811,976,991
31A6U,20170831,38,389
31A6U,20170410,586,1087
31A6U,20170225,1073,1133
31A6U,20180314,398,1104
31A6U,20170912,671,950
31A6U,20170320,519,1186
31A6U,20170104,276,1197
31A6U,20180124,902,1162
31A6U,20170927,15,825
31A6U,20180213,12,953
31A6U,20180227,1061,1098
31A6U,20170926,242,459
31A6U,20180408,1033,1089
31A6U,20171127,63,731
31A6U,20180131,757,1073
31A6U,20170513,246,1145
31A6U,20170313,120,1105
7BQKU,20170115,508,1117
7BQKU,20170303,1098,1109
7BQKU,20170408,660,774
7BQKU,20180304,303,519
7BQKU,20171123,553,1013
7BQKU,20170302,64,1182
7BQKU,20170717,591,658
7BQKU,20170730,929,1161
7BQKU,20171004,801,947
7BQKU,20180420,847,1144
7BQKU,20170903,144,1165
7BQKU,20170203,852,1035
7BQKU,20170619,236,532
7BQKU,20171207,904,1037
7BQKU,20170810,188,762
7BQKU,20170520,71,460
7BQKU,20170720,1061,1079
7BQKU,20171115,382,822
UK1F2,20170626,788,1184
UK1F2,20180412,225,450
UK1F2,20170724,83,803
UK1F2,20170309,877,1049
UK1F2,20180212,382,859
UK1F2,20180109,344,518
UK1F2,20171122,115,722
UK1F2,20180311,685,820
UK1F2,20171117,201,536
UK1F2,20180308,705,832
UK1F2,20180122,643,759
UK1F2,20180417,381,741
UK1F2,20170525,380,831
UK1F2,20170729,857,980
UK1F2,20170908,1055,1199
UK1F2,20171212,628,989
UK1F2,20180226,296,917
UK1F2,20171116,188,602
UK1F2,20180125,9,465
UK1F2,20170624,92,762
UK1F2,20180424,441,952
UK1F2,20170414,1076,1164
UK1F2,20171211,988,1076
UK1F2,20180317,411,830
UK1F2,20171011,79,105
UK1F2,20170613,871,911
UK1F2,20170128,655,693
UK1F2,20170828,419,758
UK1F2,20170810,694,757
NB10J,20171212,397,443
NB10J,20170504,140,675
NB10J,20170512,389,933
NB10J,20170827,527,710
NB10J,20171101,105,155
NB10J,20170227,268,910
NB10J,20170726,890,1157
NB10J,20180312,534,614
NB10J,20170123,54,262
NB10J,20170218,328,541
NB10J,20171102,43,192
NB10J,20170507,949,1059
I827Y,20171008,612,1158
I827Y,20170102,270,469
I827Y,20180224,401,801
I827Y,20180429,125,460
I827Y,20171101,382,860
I827Y,20180129,957,967
I827Y,20180302,1075,1185
I827Y,20171104,767,995
I827Y,20170201,1141,1169
I827Y,20180413,329,972
I827Y,20180204,812,878
I827Y,20170706,607,944
I827Y,20170209,502,740
I827Y,20170328,373,633
I827Y,20170405,645,821
I827Y,20170406,498,1008
I827Y,20180319,77,350
I827Y,20170713,1009,1178
I827Y,20171123,627,924
I827Y,20180203,82,1087
I827Y,20170506,763,920
I827Y,20170926,1119,1176
I827Y,20170816,148,732
O86WU,20180406,508,1122
O86WU,20180225,688,1085
O86WU,20170525,72,567
O86WU,20170808,1179,1200
O86WU,20180401,433,796
O86WU,20170526,132,269
30Y1F,20170501,515,971
30Y1F,20180201,736,976
30Y1F,20170710,48,380
30Y1F,20180408,38,903
30Y1F,20170729,1066,1129
30Y1F,20171112,1145,1188
30Y1F,20170710,187,687
30Y1F,20180310,396,601
30Y1F,20180220,1089,1141
30Y1F,20170618,914,964
30Y1F,20180216,1101,1137
30Y1F,20170909,691,957
8G0Z2,20170216,1084,1153
8G0Z2,20170914,738,1112
8G0Z2,20170710,698,1087
8G0Z2,20171031,373,880
8G0Z2,20171224,1175,1192
8G0Z2,20170221,799,971
8G0Z2,20170707,88,971
8G0Z2,20170403,493,942
8G0Z2,20171108,1102,1167
8G0Z2,20170816,629,685
OBU3O,20171021,523,955
OBU3O,20170812,622,1124
OBU3O,20170415,805,818
OBU3O,20170811,292,401
OBU3O,20180329,593,898
OBU3O,20170517,313,1079
OBU3O,20170403,484,716
OBU3O,20180407,699,1161
OBU3O,20170315,260,1124
OBU3O,20170509,581,968
OBU3O,20170129,174,828
OBU3O,20170406,1169,1196
OBU3O,20170809,778,1190
OBU3O,20171022,331,757
OBU3O,20170619,684,1137
OBU3O,20180126,1156,1167
OBU3O,20170507,499,977
OBU3O,20171119,327,448
OBU3O,20170422,864,1149
I0UIP,20170124,687,1011
I0UIP,20170323,670,1184
I0UIP,20170326,620,1131
I0UIP,20171027,121,368
I0UIP,20170424,1023,1145
I0UIP,20180328,1091,1165
I0UIP,20180312,107,1075
I0UIP,20180126,746,1046
I0UIP,20170125,331,1117
I0UIP,20171024,564,1154
I0UIP,20170526,993,1004
I0UIP,20170304,735,1084
I0UIP,20170727,880,1039
I0UIP,20171203,891,983
I0UIP,20170201,1143,1184
I0UIP,20171007,95,167
I0UIP,20171114,851,1149
I0UIP,20170402,150,655
I0UIP,20170906,1019,1186
I0UIP,20171201,32,846
I0UIP,20170914,107,949
I0UIP,20170711,777,1086
I0UIP,20170110,632,1144
I0UIP,20171203,123,247
I0UIP,20180123,128,789
I0UIP,20170419,216,674
I0UIP,20170621,235,413
I0UIP,20170912,292,485
JY514,20170221,776,1115
JY514,20170209,592,597
JY514,20170928,258,979
JY514,20180330,1091,1102
JY514,20180107,465,1024
JY514,20180401,364,1087
JY514,20171026,56,810
JY514,20170630,204,947
JY514,20170823,319,640
JY514,20171026,1005,1127
JY514,20170809,1088,1189
JY514,20170726,589,832
JY514,20170108,1048,1082
JY514,20170310,4,1155
JY514,20180325,794,931
JY514,20171117,829,888
JY514,20170829,684,823
JY514,20170809,710,906
JY514,20170824,909,1068
JY514,20180323,642,656
JY514,20170619,222,480
JY514,20180318,1027,1048
JY514,20170826,1122,1145
E18IN,20180103,280,608
E18IN,20180402,294,1023
E18IN,20180309,512,583
E18IN,20170712,1014,1145
E18IN,20170314,1189,1192
E18IN,20180120,1181,1194
E18IN,20170803,166,574
E18IN,20171126,848,1067
E18IN,20171117,1189,1190
E18IN,20180418,544,1170
E18IN,20170824,586,1029
E18IN,20170627,243,1134
E18IN,20170530,28,521
E18IN,20170107,662,1186
E18IN,20170111,894,959
E18IN,20170910,235,451
E18IN,20171121,394,984
E18IN,20180318,673,810
E18IN,20170301,300,842
E18IN,20170618,964,1111
E18IN,20180215,756,1005
E18IN,20180315,1138,1170
E18IN,20170606,442,979
E18IN,20180105,9,1074
E18IN,20171120,1147,1190
E18IN,20171110,605,1085
E18IN,20171204,697,1004
E18IN,20170530,1113,1173
3OOJ1,20180215,954,1050
3OOJ1,20170830,896,1085
3OOJ1,20170121,885,978
3OOJ1,20180112,823,1073
3OOJ1,20170607,1156,1192
3OOJ1,20170507,953,1052
3OOJ1,20170831,153,1156
3OOJ1,20180205,955,989
3OOJ1,20170718,32,283
3OOJ1,20170615,1194,1199
3OOJ1,20180120,465,743
N36I5,20170518,421,436
N36I5,20170701,1072,1133
N36I5,20170608,733,868
N36I5,20170712,686,796
N36I5,20170307,29,594
N36I5,20171122,330,788
N36I5,20170828,692,1116
N36I5,20171007,667,759
N36I5,20180419,191,919
N36I5,20170423,410,548
C84S4,20171009,615,775
C84S4,20180412,1004,1122
C84S4,20171116,873,1036
C84S4,20170301,522,524
C84S4,20170802,1155,1167
C84S4,20170131,226,947
C84S4,20170913,987,1071
C84S4,20171031,228,573
C84S4,20170609,383,602
C84S4,20170122,923,1024
C84S4,20170311,859,1151
C84S4,20180411,827,1021
C84S4,20171231,1085,1158
C84S4,20180207,1102,1181
C84S4,20170504,88,809
C84S4,20171104,736,1181
C84S4,20171203,929,1096
C84S4,20171107,334,1071
C84S4,20170525,828,1000
C84S4,20171109,1105,1120
C84S4,20180220,843,1169
C84S4,20171011,885,1154
C84S4,20170309,830,846
C84S4,20170430,688,1023
C84S4,20180425,1180,1191
C84S4,20171029,244,568
C84S4,20170101,580,864
C84S4,20170112,1054,1131
C84S4,20171224,720,1069
C84S4,20180415,736,745
B5F34,20170128,63,838
B5F34,20171127,796,866
B5F34,20170719,1058,1088
B5F34,20180213,741,851
B5F34,20170706,655,1183
B5F34,20170727,308,373
B5F34,20170531,225,1150
B5F34,20180405,924,1195
B5F34,20170603,682,840
B5F34,20170721,1102,1130
B5F34,20170227,877,1129
B5F34,20170217,635,734
B5F34,20170527,107,864
B5F34,20170315,885,1164
B5F34,20170513,1049,1130
B5F34,20170412,1137,1194
6NAWM,20170303,316,533
6NAWM,20171106,561,1187
6NAWM,20171127,313,828
71BOE,20170121,604,1085
71BOE,20171009,767,995
71BOE,20170802,807,822
71BOE,20170303,208,209
71BOE,20170930,559,987
71BOE,20171224,1111,1155
71BOE,20170131,44,179
71BOE,20171031,971,1169
CGW3X,20171111,663,1185
CGW3X,20171107,1163,1181
CGW3X,20171110,568,693
CGW3X,20170609,259,395
CGW3X,20170714,195,977
CGW3X,20170430,42,919
CGW3X,20180306,1068,1190
CGW3X,20171008,594,597
CGW3X,20180320,785,931
CGW3X,20170921,707,755
CGW3X,20180219,909,1102
CGW3X,20170203,839,925
CGW3X,20170614,355,850
CGW3X,20170226,56,116
CGW3X,20180426,407,890
CGW3X,20170323,545,991
CGW3X,20171030,932,1063
CGW3X,20180112,349,825
CGW3X,20170829,710,1019
CGW3X,20180424,437,1030
CGW3X,20170131,64,265
CGW3X,20170923,852,930
CGW3X,20171119,186,1170
CGW3X,20171102,1184,1190
CGW3X,20170508,1071,1133
CGW3X,20170226,1181,1198
03487,20170802,158,832
03487,20170508,711,1011
03487,20180218,225,616
03487,20170916,231,899
03487,20170709,652,1163
03487,20170629,884,893
03487,20170615,779,956
03487,20180105,676,920
03487,20170515,397,1128
03487,20180123,71,960
03487,20170721,1104,1175
03487,20170401,82,301
03487,20170529,422,717
03487,20170804,174,760
03487,20170804,723,1125
03487,20170520,97,304
03487,20180424,1003,1086
03487,20171017,724,823
03487,20171005,235,913
03487,20171120,381,1199
03487,20180102,215,851
03487,20180308,176,1111
03487,20170511,44,755
03487,20171203,819,1187
7MRZ6,20170831,453,798
7MRZ6,20170526,541,966
7MRZ6,20170311,139,791
7MRZ6,20170727,707,1114
7MRZ6,20180311,847,908
7MRZ6,20170425,177,639
7MRZ6,20170926,484,644
7MRZ6,20170823,643,845
7MRZ6,20170518,730,855
72H2C,20170106,439,621
72H2C,20170920,717,798
72H2C,20170429,247,665
72H2C,20180419,442,521
72H2C,20171202,872,971
72H2C,20180103,43,46
72H2C,20170827,1154,1174
72H2C,20170428,140,488
72H2C,20170607,157,911
72H2C,20180319,412,869
72H2C,20170614,487,855
FA4N5,20170605,92,582
FA4N5,20180204,334,803
FA4N5,20180316,1147,1175
FA4N5,20180303,712,939
FA4N5,20170919,1169,1188
FA4N5,20171031,572,872
FA4N5,20180323,157,1083
FA4N5,20170202,567,824
FA4N5,20170510,20,67
FA4N5,20170809,1101,1102
FA4N5,20180430,440,718
FA4N5,20170703,241,462
FA4N5,20171117,39,1147
FA4N5,20170110,267,289
FA4N5,20180403,1048,1167
FA4N5,20170221,102,451
FA4N5,20170405,244,1189
FA4N5,20170224,52,247
FA4N5,20170318,393,413
3718M,20170719,466,691
3718M,20170402,549,721
3718M,20180412,215,673
3718M,20171223,693,1144
3718M,20180210,428,691
3718M,20171222,122,994
3718M,20170316,1067,1085
3718M,20180422,868,1011
3718M,20170319,952,1110
3718M,20170702,122,754
3718M,20170709,215,598
3718M,20170417,730,878
3718M,20171114,321,826
3718M,20170212,738,1198
3718M,20170403,449,694
3718M,20180116,579,637
3F8N0,20180426,1183,1187
3F8N0,20170816,193,258
3F8N0,20171208,318,925
3F8N0,20180125,432,902
3F8N0,20170720,298,625
3F8N0,20170305,199,383
3F8N0,20170418,241,652
3F8N0,20170519,148,891
3F8N0,20170216,880,886
3F8N0,20170623,1185,1195
3F8N0,20170928,581,893
3F8N0,20170424,912,928
3F8N0,20171124,947,1036
3F8N0,20171125,416,565
3F8N0,20171206,165,562
3F8N0,20170222,496,1084
3F8N0,20170518,348,1083
3F8N0,20171016,837,838
3F8N0,20170131,1123,1186
3F8N0,20170426,1018,1027
48100,20170410,113,191
48100,20170929,271,1016
48100,20180212,1026,1200
48100,20180405,1198,1199
48100,20170602,601,826
48100,20180322,67,356
48100,20170908,1167,1194
48100,20180207,963,1063
48100,20180302,795,902
48100,20180427,182,483
48100,20170514,78,527
48100,20170829,1043,1138
48100,20180320,784,876
48100,20170920,967,1009
48100,20170701,1136,1163
48100,20171122,431,606
48100,20170924,312,596
48100,20180126,346,886
48100,20171128,791,1171
48100,20170428,387,895
48100,20180216,438,1183
48100,20170501,495,1046
48100,20170904,900,1016
48100,20170824,954,1126
48100,20170505,1001,1084
48100,20180423,818,849
K3XEZ,20180426,842,1065
K3XEZ,20171023,504,657
K3XEZ,20170625,30,460
K3XEZ,20171223,36,1038
K3XEZ,20180407,1102,1160
K3XEZ,20170420,891,1054
K3XEZ,20170626,751,863
K3XEZ,20171205,803,958
K3XEZ,20170912,1050,1194
K3XEZ,20170705,281,667
K3XEZ,20170703,533,1150
0Y6DA,20171229,278,584
0Y6DA,20180102,769,1172
0Y6DA,20170323,418,565
0Y6DA,20170211,38,193
XTE42,20180205,1072,1134
XTE42,20170507,281,829
XTE42,20170320,203,583
XTE42,20170101,1188,1199
XTE42,20170917,138,1094
XTE42,20170620,647,861
XTE42,20171115,1085,1199
XTE42,20171206,1099,1185
XTE42,20170113,321,969
XTE42,20180120,859,1002
XTE42,20180118,1077,1092
XTE42,20180109,486,1124
XTE42,20170702,925,1038
XTE42,20170616,520,1093
XTE42,20171124,729,875
XTE42,20171021,1135,1168
XTE42,20180412,1082,1165
XTE42,20180227,818,1136
XTE42,20170427,974,994
XTE42,20170117,548,1037
XTE42,20180303,615,1186
XTE42,20180103,74,604
XTE42,20170320,751,875
XTE42,20180404,643,904
XTE42,20170420,556,869
XTE42,20171026,1083,1128
XTE42,20180307,1060,1179
XTE42,20170606,442,587
XTE42,20171115,1158,1176
XTE42,20171007,471,813
P876D,20170922,10,802
P876D,20170326,835,933
P876D,20170419,852,933
P876D,20180423,401,473
P876D,20180222,1060,1191
P876D,20170606,1010,1105
P876D,20170707,1061,1144
P876D,20170420,98,389
P876D,20170602,986,1014
P876D,20170619,416,1145
P876D,20170416,107,475
P876D,20180420,6,877
P876D,20170316,155,757
P876D,20180119,562,953
P876D,20170806,621,866
P876D,20170912,693,974
P876D,20170223,817,885
P876D,20170606,239,288
P876D,20180317,442,662
P876D,20170609,399,465
P876D,20170417,219,1017
P876D,20170613,820,914
P876D,20170601,490,956
P876D,20171115,715,1118
P876D,20170923,990,1085
P876D,20170701,614,953
530Q6,20180316,1013,1116
530Q6,20180420,135,776
530Q6,20170921,671,1043
530Q6,20170212,820,1008
530Q6,20180306,833,1198
530Q6,20170126,1183,1191
530Q6,20170303,89,159
530Q6,20171012,437,715
530Q6,20171231,151,239
530Q6,20180211,53,159
530Q6,20170505,730,1040
530Q6,20180409,961,1091
530Q6,20170603,524,560
530Q6,20170815,609,1036
530Q6,20170218,1020,1176
530Q6,20170417,190,556
530Q6,20170511,824,1017
2303S,20180130,180,1071
2303S,20170508,1075,1143
2303S,20171120,1061,1119
2303S,20180222,807,855
2303S,20180312,779,1086
2303S,20171109,1194,1199
I733Y,20170807,1177,1200
I733Y,20170315,207,784
I733Y,20180112,774,1164
I733Y,20170128,558,1189
I733Y,20170221,408,1080
I733Y,20171028,662,766
I733Y,20171112,609,837
I733Y,20170110,1130,1178
I733Y,20180301,54,786
I733Y,20170331,1182,1190
AD2A5,20171117,741,1133
AD2A5,20171031,891,1054
AD2A5,20170210,1070,1194
AD2A5,20170309,683,1189
AD2A5,20171215,905,1054
AD2A5,20180404,349,458
AD2A5,20170916,195,441
F83PZ,20170213,151,376
F83PZ,20180201,161,449
F83PZ,20170419,1016,1153
F83PZ,20170209,948,1175
F83PZ,20170116,633,691
F83PZ,20170515,516,1154
F83PZ,20171115,796,1084
F83PZ,20180418,583,1045
F83PZ,20170825,873,1002
F83PZ,20180423,821,1148
F83PZ,20170220,530,1193
F83PZ,20171109,210,283
F83PZ,20171117,1197,1199
F83PZ,20171021,75,789
F83PZ,20180311,100,915
F83PZ,20180203,776,1169
F83PZ,20170711,944,976
F83PZ,20180320,828,1196
F83PZ,20171007,1161,1164
F83PZ,20171007,663,688
F83PZ,20171022,834,860
F83PZ,20170502,926,997
F83PZ,20170713,654,1035
F83PZ,20170207,510,554
F83PZ,20170820,652,1029
F83PZ,20170228,963,1151
F83PZ,20170707,120,472
F83PZ,20170219,1181,1188
F83PZ,20170121,360,925
1AE2H,20171107,1,1046
1AE2H,20180131,903,984
1AE2H,20180404,425,692
1AE2H,20180109,461,944
1AE2H,20171113,446,1064
1AE2H,20180322,489,774
1AE2H,20171027,1141,1161
1AE2H,20180129,797,1086
1AE2H,20170429,984,1115
1AE2H,20170927,914,1107
1AE2H,20180119,668,751
1AE2H,20170430,685,949
1AE2H,20170410,11,848
1AE2H,20170723,79,163
1AE2H,20170610,577,659
TQU5U,20180427,607,875
TQU5U,20170928,1159,1181
TQU5U,20170101,381,1069
TQU5U,20171112,237,1057
06V71,20171224,1174,1181
06V71,20170331,329,927
7YL50,20170209,1123,1192
7YL50,20180425,124,973
7YL50,20170421,315,745
7YL50,20180426,1172,1182
7YL50,20171008,358,728
7YL50,20170413,1104,1148
7YL50,20171122,934,1158
7YL50,20170330,787,1153
7YL50,20170825,120,1007
7YL50,20170203,856,858
7YL50,20180123,571,641
7YL50,20171022,1094,1198
7YL50,20180315,1024,1143
YD4W4,20170625,489,744
YD4W4,20171002,485,672
YD4W4,20170907,104,294
YD4W4,20170211,1049,1090
YD4W4,20180311,1168,1181
YD4W4,20180405,156,903
YD4W4,20171230,670,887
YD4W4,20180103,1039,1176
YD4W4,20171223,957,994
YD4W4,20170412,754,960
7A4NF,20170219,160,1115
7A4NF,20170224,134,625
7A4NF,20180113,370,764
7A4NF,20180430,860,1143
7A4NF,20180413,308,547
7A4NF,20180425,937,1160
7A4NF,20170121,62,777
7A4NF,20170418,578,886
7A4NF,20180101,375,436
7A4NF,20180330,297,619
7A4NF,20170327,700,1056
7A4NF,20180409,498,1041
7A4NF,20170620,556,571
7A4NF,20180113,409,597
7A4NF,20170324,473,873
7A4NF,20170914,753,787
7A4NF,20170611,237,350
7A4NF,20170219,768,1173
7A4NF,20170306,1172,1190
7A4NF,20170528,105,934
7A4NF,20170416,582,830
7A4NF,20180405,927,1056
7A4NF,20170625,298,627
7A4NF,20180210,753,1140
7A4NF,20170824,116,978
J2033,20171003,225,1070
J2033,20180122,641,934
J2033,20170520,713,1053
J2033,20170707,479,1146
J2033,20170520,896,1042
J2033,20171112,700,1087
J2033,20180418,154,977
J2033,20171006,185,465
J2033,20171205,1067,1105
J2033,20180131,253,816
J2033,20180322,961,1042
J2033,20170915,640,649
J2033,20170905,1002,1091
J2033,20170628,365,502
J2033,20170909,336,941
J2033,20170326,1132,1173
J2033,20170701,125,287
J2033,20170210,1035,1107
J2033,20170101,242,955
J2033,20170615,238,1165
J2033,20180426,207,859
J2033,20170311,557,909
344VM,20180220,442,769
344VM,20170601,683,1020
344VM,20170131,86,208
344VM,20180123,928,1064
344VM,20170305,326,818
344VM,20170915,814,939
344VM,20180410,1169,1182
344VM,20180410,821,1111
344VM,20170125,315,1124
344VM,20171003,482,691
344VM,20180207,799,1143
344VM,20171117,949,1130
344VM,20170513,1181,1198
344VM,20170324,253,972
344VM,20170723,309,850
344VM,20171115,1194,1199
344VM,20171130,9,500
344VM,20170429,183,980
344VM,20170129,420,636
344VM,20180115,1087,1195
X377L,20180315,195,254
X377L,20170721,793,933
X377L,20170525,1051,1089
X377L,20180223,249,292
X377L,20170413,603,881
X377L,20180122,875,994
X377L,20180307,1020,1165
X377L,20170419,372,410
X377L,20170312,148,852
X377L,20171011,305,1071
X377L,20170416,5,182
X377L,20180215,465,694
X377L,20180315,784,1066
X377L,20171025,545,760
X377L,20170503,725,845
X377L,20170730,276,788
X377L,20170705,290,562
X377L,20170117,830,1070
X377L,20171031,16,28
X377L,20170501,996,1072
X377L,20170513,475,631
X377L,20170226,684,964
X377L,20171031,1144,1191
X377L,20170709,218,360
X377L,20180114,708,745
X377L,20180404,674,867
X377L,20180310,942,1084
X377L,20170227,887,1138
RXP8M,20171024,737,1101
RXP8M,20171002,566,831
RXP8M,20171013,368,1031
RXP8M,20180419,874,1128
RXP8M,20170127,1111,1172
RXP8M,20170902,955,1101
RXP8M,20170411,863,921
RXP8M,20180112,20,700
RXP8M,20171016,942,1059
RXP8M,20170120,464,1039
RXP8M,20180213,1046,1066
RXP8M,20170909,850,1197
RXP8M,20180325,1062,1154
RXP8M,20180131,847,1015
RXP8M,20170125,74,267
RXP8M,20170125,803,981
RXP8M,20180330,943,1004
RXP8M,20170713,266,291
RXP8M,20170801,1162,1165
RXP8M,20170703,933,1018
7OG72,20180222,420,749
7OG72,20170628,362,997
7OG72,20170307,527,591
7OG72,20170419,334,910
7OG72,20171219,478,1086
7OG72,20180410,393,462
7OG72,20180212,924,987
7OG72,20180423,140,768
7OG72,20170308,500,1173
7OG72,20170121,287,723
7OG72,20170913,100,669
7OG72,20170929,816,1160
7OG72,20180416,849,924
66Z13,20170518,33,1155
66Z13,20170227,707,1159
66Z13,20170219,1051,1125
66Z13,20170511,1148,1157
66Z13,20170123,61,769
66Z13,20170413,90,1090
66Z13,20170909,290,474
66Z13,20180321,775,973
66Z13,20171231,262,696
66Z13,20180405,1077,1156
66Z13,20170123,911,1031
66Z13,20180426,606,963
66Z13,20170130,1058,1120
66Z13,20171116,630,1188
66Z13,20170324,628,662
66Z13,20180416,21,602
66Z13,20180117,883,883
66Z13,20170307,256,732
CZ1H8,20170501,919,1038
CZ1H8,20170905,681,1055
CZ1H8,20171116,557,730
CZ1H8,20170104,493,1096
CZ1H8,20170220,997,1019
CZ1H8,20170317,380,1016
CZ1H8,20170620,218,740
CZ1H8,20170929,564,1145
CZ1H8,20170117,1149,1191
CZ1H8,20171023,496,1072
CZ1H8,20170620,647,765
CZ1H8,20170922,1123,1152
CZ1H8,20171017,637,1102
CZ1H8,20170927,161,238
CZ1H8,20171011,309,494
CZ1H8,20180220,294,646
CZ1H8,20170828,916,1091
7U8WH,20170525,302,524
7U8WH,20170721,587,837
7U8WH,20171128,789,1086
7U8WH,20180114,186,664
7U8WH,20170125,1149,1151
7U8WH,20180306,425,1198
5VE7U,20180419,55,1070
5VE7U,20170109,898,915
5VE7U,20170313,582,880
5VE7U,20180321,657,1010
5VE7U,20170926,189,299
5VE7U,20171115,543,593
5VE7U,20170727,694,1048
5VE7U,20180329,53,616
5VE7U,20171130,859,1074
5VE7U,20170127,489,1192
5VE7U,20170209,1162,1169
5VE7U,20170828,580,1035
5VE7U,20170622,271,717
5VE7U,20180417,1064,1102
5VE7U,20170714,748,1032
5VE7U,20180221,122,508
5VE7U,20180317,1136,1173
5VE7U,20170930,968,1164
5VE7U,20180305,621,901
5VE7U,20180103,462,661
5VE7U,20170416,870,940
5VE7U,20170730,240,1033
5VE7U,20170201,479,1188
5VE7U,20180315,356,812
5VE7U,20170622,341,465
5VE7U,20170522,549,896
5VE7U,20180412,602,735
5VE7U,20180118,924,1059
5VE7U,20180214,325,1005
5VE7U,20171122,761,1160
3DC24,20171229,387,1065
3DC24,20171104,446,1079
3DC24,20170419,329,568
3DC24,20171108,959,1184
3DC24,20170829,1162,1177
3DC24,20170603,178,1030
3DC24,20170112,1132,1138
3DC24,20171004,379,514
3DC24,20180219,307,1096
3DC24,20170831,812,818
3DC24,20171006,523,1143
3DC24,20170329,372,721
3DC24,20170517,301,601
3DC24,20170506,1154,1168
3DC24,20180222,74,194
3DC24,20171220,871,1196
3DC24,20171002,637,651
6LSTG,20180109,399,515
6LSTG,20171226,412,627
6LSTG,20170902,365,935
6LSTG,20171028,656,1115
6LSTG,20170408,217,226
6LSTG,20170708,717,942
6LSTG,20170312,857,872
6LSTG,20180206,109,257
6LSTG,20170507,803,1159
6LSTG,20171123,562,1071
6LSTG,20180318,153,794
551F6,20171213,208,1163
551F6,20180224,556,1134
551F6,20180226,448,1037
551F6,20170123,1198,1199
551F6,20171229,190,1174
551F6,20171223,638,1036
551F6,20170328,389,857
551F6,20170919,410,463
551F6,20170519,471,528
551F6,20170712,920,1152
551F6,20180127,311,633
551F6,20170718,1084,1150
551F6,20170501,788,862
551F6,20180318,67,919
551F6,20180304,972,1100
551F6,20180127,158,1076
551F6,20171121,271,756
551F6,20180428,337,620
551F6,20180226,111,130
551F6,20171023,711,788
551F6,20170105,750,1155
MYQ6A,20180419,593,1164
MYQ6A,20170328,1139,1174
MYQ6A,20170817,599,951
MYQ6A,20180104,398,909
MYQ6A,20170131,165,685
MYQ6A,20170321,563,861
MYQ6A,20171014,76,937
MYQ6A,20170806,121,445
MYQ6A,20171121,932,1197
MYQ6A,20170603,816,1132
MYQ6A,20170817,1128,1170
MYQ6A,20180123,936,1081
MYQ6A,20180112,994,1149
MYQ6A,20171217,441,899
MYQ6A,20170817,272,1048
MYQ6A,20170610,264,1191
MYQ6A,20170123,858,893
MYQ6A,20180124,84,341
MYQ6A,20170804,301,781
MYQ6A,20180411,54,718
MYQ6A,20170207,300,1183
MYQ6A,20171006,583,954
MYQ6A,20170525,775,959
MYQ6A,20170713,930,1197
MYQ6A,20170116,385,920
MYQ6A,20170321,609,726
MYQ6A,20170208,371,962
MYQ6A,20170507,816,884
MYQ6A,20180327,325,1052
J5IO8,20171016,192,588
J5IO8,20180211,1007,1099
J5IO8,20170106,15,1104
J5IO8,20170123,505,560
J5IO8,20170731,1014,1139
J5IO8,20170817,486,1113
J5IO8,20180312,280,598
J5IO8,20170423,25,1133
J5IO8,20171031,347,744
TLF67,20170106,523,901
TLF67,20180412,77,85
TLF67,20170517,922,1007
TLF67,20170808,214,1117
TLF67,20170306,303,648
TLF67,20180304,479,981
TLF67,20170324,727,901
TLF67,20180405,855,912
TLF67,20170821,202,579
TLF67,20180308,62,306
TLF67,20180130,26,560
TLF67,20180410,1007,1150
TLF67,20171025,128,1141
TLF67,20170503,460,1025
TLF67,20171223,662,806
TLF67,20170128,619,1028
TLF67,20170512,457,548
TLF67,20170325,723,805
TLF67,20170201,314,337
TLF67,20170712,467,650
TLF67,20170610,565,715
TLF67,20171114,1045,1076
76W33,20170822,291,843
76W33,20170804,600,886
76W33,20170507,272,1015
76W33,20171118,101,1086
76W33,20180104,230,507
76W33,20180402,750,946
76W33,20171112,249,949
76W33,20171205,865,1176
76W33,20170908,960,1099
QN47X,20170128,65,759
QN47X,20180121,420,915
QN47X,20180329,582,1136
QN47X,20170602,1190,1192
QN47X,20170606,24,371
QN47X,20170331,635,847
QN47X,20171114,2,85
QN47X,20170506,1138,1158
QN47X,20170910,96,811
QN47X,20171202,1170,1172
QN47X,20170302,1147,1196
QN47X,20170126,1170,1174
QN47X,20170514,1104,1190
QN47X,20171125,1159,1185
QN47X,20170227,373,1003
QN47X,20170316,130,922
QN47X,20180208,1062,1126
QN47X,20170601,959,1115
QN47X,20170319,1063,1106
QN47X,20180116,1081,1162
QN47X,20170721,1039,1105
QN47X,20180405,24,947
QN47X,20170309,700,826
V5M14,20180126,507,879
V5M14,20180130,726,1109
V5M14,20170124,6,39
V5M14,20170829,383,1086
V5M14,20180105,1072,1199
V5M14,20180112,773,795
V5M14,20170814,290,1006
77Q7L,20170702,517,712
77Q7L,20170921,7,475
77Q7L,20171226,703,945
77Q7L,20170415,784,807
77Q7L,20180129,1110,1144
77Q7L,20170728,311,507
MZQ3U,20180303,948,960
MZQ3U,20170712,63,383
MZQ3U,20171027,949,1139
MZQ3U,20171220,113,989
MZQ3U,20170428,263,1178
MZQ3U,20170306,701,722
MZQ3U,20171223,1163,1170
MZQ3U,20180412,240,1053
MZQ3U,20170922,1187,1199
MZQ3U,20170224,406,559
MZQ3U,20171203,877,943
MZQ3U,20170109,964,1191
MZQ3U,20171004,249,1061
MZQ3U,20180425,817,1039
MZQ3U,20180424,857,1166
MZQ3U,20171213,897,921
MZQ3U,20180102,489,580
MZQ3U,20170912,257,442
MZQ3U,20170107,38,974
MZQ3U,20180218,22,342
MZQ3U,20171109,421,477
MZQ3U,20170208,50,1115
MZQ3U,20170824,90,602
MZQ3U,20180315,1012,1049
MZQ3U,20170222,726,1179
72B16,20170418,184,450
72B16,20180114,973,1050
72B16,20170514,984,1067
72B16,20180402,86,1077
72B16,20170829,81,435
72B16,20180118,46,57
72B16,20170219,706,787
72B16,20171221,620,1061
72B16,20170619,156,175
72B16,20171123,589,934
72B16,20180406,728,837
72B16,20170829,1081,1189
4K76L,20180320,515,836
4K76L,20170831,890,1014
4K76L,20171027,501,800
4K76L,20170829,1154,1176
4K76L,20171122,293,740
4K76L,20170221,432,771
4K76L,20171222,344,1184
4K76L,20170513,270,405
4K76L,20171003,743,1171
4K76L,20170518,581,1187
4K76L,20170504,347,948
4K76L,20170804,341,647
4K76L,20170525,1162,1180
4K76L,20171001,20,603
4K76L,20170424,965,1095
5VK83,20170103,939,1084
5VK83,20170722,478,865
5VK83,20180310,1063,1159
5VK83,20170730,1118,1182
5VK83,20170729,616,746
5VK83,20171227,198,1069
5VK83,20170322,921,924
5VK83,20170717,151,771
5VK83,20171104,272,924
5VK83,20170902,104,682
5VK83,20170116,688,729
5VK83,20170415,938,1139
5VK83,20170429,542,1012
5VK83,20170609,917,1122
5VK83,20170804,949,1047
5VK83,20170417,177,989
5VK83,20180307,727,1163
5VK83,20170707,535,817
5VK83,20171028,321,383
S702J,20170118,98,602
S702J,20170114,966,1163
S702J,20170925,483,1094
S702J,20171225,474,977
S702J,20170620,273,500
S702J,20180207,74,699
S702J,20170615,158,399
S702J,20171020,982,1133
S702J,20180409,382,774
S702J,20180127,416,908
S702J,20180106,589,737
S702J,20170607,115,466
S702J,20170712,866,881
S702J,20170715,971,1180
S702J,20170527,334,1188
S702J,20180212,848,965
S702J,20170801,224,779
S702J,20180209,285,746
S702J,20170418,1180,1200
S702J,20170516,974,1200
S702J,20170816,973,1128
S702J,20170726,1114,1139
S702J,20170206,821,1097
S702J,20180402,43,821
S702J,20170302,445,1127
S702J,20180225,424,956
S702J,20180107,830,1198
S702J,20170724,318,737
S702J,20180303,117,994
S702J,20170206,791,894
X1IYH,20170603,330,1124
X1IYH,20171024,983,1156
X1IYH,20180126,774,1058
X1IYH,20180201,756,1058
X1IYH,20180202,402,947
X1IYH,20170907,151,900
X1IYH,20170610,824,1102
X1IYH,20171023,1144,1171
X1IYH,20170304,1153,1157
X1IYH,20170725,345,1198
X1IYH,20171002,26,392
X1IYH,20180113,414,760
X1IYH,20171015,12,881
X1IYH,20170713,1194,1198
X1IYH,20170516,702,1068
X1IYH,20170526,169,586
X1IYH,20180214,985,1089
X1IYH,20170312,93,1048
X1IYH,20171102,1064,1193
X1IYH,20170213,1188,1196
X1IYH,20170810,13,417
X1IYH,20180410,463,933
X1IYH,20171010,178,721
X1IYH,20170409,631,1190
X1IYH,20171016,257,1137
X1IYH,20170912,252,1090
X1IYH,20171206,409,1121
X1IYH,20170221,812,1026
X1IYH,20170106,739,827
X1IYH,20171003,1150,1161
2P828,20170715,25,812
2P828,20171218,780,1199
2P828,20170114,487,974
2P828,20170511,820,868
2P828,20170731,362,442
2P828,20170303,647,1180
2P828,20170111,85,962
2P828,20171017,891,896
2P828,20171006,560,1063
2P828,20170106,136,541
QSD41,20180214,753,1112
QSD41,20170129,883,1178
QSD41,20170424,550,912
QSD41,20170301,1084,1112
QSD41,20170222,276,743
QSD41,20170527,1175,1197
QSD41,20170105,230,1042
QSD41,20171226,254,505
QSD41,20180101,864,906
QSD41,20180307,474,1103
QSD41,20180421,1105,1173
QSD41,20180128,542,696
QSD41,20171121,639,739
QSD41,20180210,374,842
QSD41,20180119,191,241
QSD41,20170608,1025,1133
QSD41,20170819,414,833
QSD41,20170303,130,384
QSD41,20170430,498,1122
QSD41,20170303,257,1042
QSD41,20180407,895,1156
QSD41,20170226,555,597
V14R0,20180318,1003,1187
V14R0,20170808,213,1185
V14R0,20171215,552,908
V14R0,20171208,408,934
V14R0,20170729,1016,1091
V14R0,20171110,593,849
20U07,20180408,660,1112
20U07,20170102,698,1120
20U07,20170423,570,642
20U07,20170131,392,864
20U07,20170510,8,1081
20U07,20180420,588,912
20U07,20170314,537,777
0EY7M,20170214,150,341
0EY7M,20170911,96,1061
0EY7M,20170627,996,1139
0EY7M,20170702,46,1190
0EY7M,20170821,268,1009
0EY7M,20170102,618,1190
0EY7M,20171112,955,1108
0EY7M,20170607,1054,1102
0EY7M,20180205,866,936
0EY7M,20180418,923,1076
0EY7M,20170204,371,1124
0EY7M,20170716,622,700
0EY7M,20180223,1194,1194
0EY7M,20170227,197,617
0EY7M,20171228,956,1040
0EY7M,20180417,70,685
0EY7M,20170313,1045,1071
0EY7M,20170630,609,697
0EY7M,20170823,989,1136
0EY7M,20170827,508,724
0EY7M,20170828,834,874
0EY7M,20170409,124,900
0EY7M,20170315,684,717
0EY7M,20170720,893,1066
0EY7M,20180228,66,314
0EY7M,20170722,704,1073
VHN8M,20170330,1110,1184
VHN8M,20171206,672,823
VHN8M,20170513,146,543
VHN8M,20170204,866,1127
VHN8M,20180501,658,989
VHN8M,20170306,1026,1200
VHN8M,20170901,513,1013
0WG67,20170627,1074,1117
0WG67,20170526,1130,1199
0WG67,20180227,1069,1163
0WG67,20170615,792,1011
0WG67,20170730,1097,1125
0WG67,20171117,1036,1066
72244,20171223,361,907
72244,20170112,681,1131
72244,20170703,739,904
72244,20171009,960,967
72244,20170614,772,935
72244,20180302,1045,1136
72244,20170219,1130,1183
TY21F,20171022,304,1156
TY21F,20170116,904,1166
TY21F,20170926,904,1194
TY21F,20180331,335,562
TY21F,20170810,317,971
TY21F,20180423,1184,1200
TY21F,20170417,990,1150
TY21F,20170727,1029,1155
TY21F,20170206,511,754
TY21F,20170329,1079,1176
TY21F,20170211,476,1188
TY21F,20170728,1170,1198
TY21F,20170821,363,842
TY21F,20170121,1156,1177
TY21F,20171112,412,1134
TY21F,20170607,772,1144
TY21F,20170416,856,1155
TY21F,20180328,333,613
TD7DF,20171112,387,418
TD7DF,20180227,259,1128
TD7DF,20170305,407,658
TD7DF,20170318,764,1027
TD7DF,20180126,748,956
TD7DF,20170225,1173,1189
TD7DF,20170802,1169,1195
TD7DF,20180430,379,1104
1YHL3,20170701,229,1183
1YHL3,20170131,909,1079
1YHL3,20180209,700,995
1YHL3,20171107,331,627
1YHL3,20180430,963,1094
1YHL3,20171216,134,1197
1YHL3,20171018,1004,1105
1YHL3,20170209,1131,1175
1YHL3,20170610,702,776
1YHL3,20170322,462,582
1YHL3,20170217,467,1020
1YHL3,20180412,1179,1199
1YHL3,20170811,167,497
1YHL3,20171124,481,799
1YHL3,20170328,673,1195
1YHL3,20170112,252,838
1YHL3,20170811,674,726
1YHL3,20170510,227,345
1YHL3,20171103,440,1111
1YHL3,20180209,1096,1128
1YHL3,20171102,865,1092
1YHL3,20170709,822,1197
1YHL3,20170503,656,907
O5U57,20171117,474,492
O5U57,20170712,915,1055
O5U57,20170314,845,945
O5U57,20170207,143,1107
E0ZJ2,20171022,955,985
E0ZJ2,20180203,111,841
E0ZJ2,20170403,523,955
7MWHJ,20170916,544,654
7MWHJ,20170721,367,1094
7MWHJ,20170405,1165,1177
7MWHJ,20170527,903,1008
7MWHJ,20180131,869,1052
7MWHJ,20170713,308,405
7MWHJ,20170402,348,1133
7MWHJ,20170318,497,599
7MWHJ,20171020,213,1035
7MWHJ,20170414,228,1163
7MWHJ,20170517,763,1154
7MWHJ,20170409,573,1194
7MWHJ,20180412,1116,1116
7MWHJ,20170723,661,994
7MWHJ,20170503,1129,1162
7MWHJ,20170908,898,946
7MWHJ,20170110,870,1031
7MWHJ,20170119,499,676
7MWHJ,20180112,690,1165
7MWHJ,20180109,273,885
8I2HW,20170102,67,259
8I2HW,20170505,515,1133
8I2HW,20170915,1051,1137
8I2HW,20170905,622,627
8I2HW,20170719,1101,1185
8I2HW,20170423,1127,1127
8I2HW,20180413,958,989
8I2HW,20170422,1147,1189
8I2HW,20170614,616,816
8I2HW,20171110,698,912
8I2HW,20170620,868,1069
8I2HW,20170222,467,1052
8I2HW,20170117,1161,1191
8I2HW,20170804,473,893
8I2HW,20170517,922,951
8I2HW,20180317,63,557
R55GR,20170718,41,741
R55GR,20171023,203,532
R55GR,20171122,839,899
R55GR,20171003,189,589
R55GR,20171104,469,996
R55GR,20170703,876,1030
R55GR,20171022,671,899
R55GR,20170823,577,836
R55GR,20171208,392,910
R55GR,20170613,1170,1192
R55GR,20170829,836,1154
R55GR,20170914,273,889
R55GR,20180420,1161,1196
R55GR,20170429,66,153
R55GR,20171125,258,933
R55GR,20180214,610,1158
R55GR,20171013,1192,1199
R55GR,20171012,693,779
R55GR,20170821,26,813
R55GR,20170511,197,639
R55GR,20180104,978,1111
R55GR,20171127,663,923
R55GR,20171213,516,632
2STMK,20170728,622,782
2STMK,20170111,906,1154
2STMK,20171130,1070,1196
2STMK,20170813,10,1123
2STMK,20170516,1180,1185
2STMK,20180116,447,1029
2STMK,20170926,37,608
2STMK,20180221,1159,1200
2STMK,20170106,900,1003
2STMK,20180318,1033,1088
2STMK,20170703,1069,1133
C581L,20180316,181,511
C581L,20170914,201,923
C581L,20170718,671,875
C581L,20170730,543,647
C581L,20171124,346,451
C581L,20171128,248,658
C581L,20180111,811,877
C581L,20171104,422,470
C581L,20170718,198,343
C581L,20180204,682,1088
C581L,20180127,503,734
C581L,20170708,1058,1082
C581L,20180324,1182,1192
C581L,20170901,913,954
C581L,20170302,688,774
C581L,20170913,209,727
C581L,20180429,481,707
C581L,20170101,23,1071
C581L,20180104,223,767
C581L,20170107,244,635
C581L,20180430,76,642
C581L,20180310,113,882
C581L,20170803,939,985
C581L,20170218,802,882
C581L,20170608,359,1180
C581L,20171207,395,757
C581L,20170709,902,1101
C581L,20170705,805,923
C581L,20170801,965,1131
C581L,20170720,980,1052
WF7P1,20170914,575,734
WF7P1,20170312,872,1061
WF7P1,20180224,306,702
WF7P1,20180119,82,803
WF7P1,20170628,906,1087
WF7P1,20170509,1192,1200
WF7P1,20180329,352,1122
WF7P1,20180316,1039,1180
WF7P1,20170619,815,870
WF7P1,20170321,1016,1119
WF7P1,20170412,1031,1074
WF7P1,20170804,24,650
WF7P1,20170727,1074,1122
WF7P1,20170809,636,866
WF7P1,20171123,873,1165
WF7P1,20170510,1064,1092
WF7P1,20180225,259,576
WF7P1,20180408,442,619
WF7P1,20171010,616,681
WF7P1,20170707,399,691
WF7P1,20170616,529,588
WF7P1,20171216,1004,1169
WF7P1,20170516,356,790
WF7P1,20170501,830,1167
WF7P1,20170527,5,788
WF7P1,20180118,309,444
WF7P1,20170706,319,901
MORMA,20170721,694,704
MORMA,20170401,1104,1191
MORMA,20170604,1056,1068
MORMA,20170106,995,1035
MORMA,20170924,573,802
MORMA,20170727,230,527
MORMA,20170603,424,960
MORMA,20180212,354,1048
MORMA,20170228,13,222
MORMA,20171119,648,1153
MORMA,20170917,93,1130
MORMA,20170310,882,1172
MORMA,20180411,1158,1179
MORMA,20170629,654,1107
MORMA,20171228,988,1156
MORMA,20180501,1029,1183
MORMA,20180330,554,1153
MORMA,20170818,496,544
MORMA,20170313,650,1060
MORMA,20171009,957,1063
MORMA,20180304,984,1112
MORMA,20180124,379,385
MORMA,20170213,485,491
MORMA,20170117,737,982
MORMA,20171023,520,673
MORMA,20171210,486,983
48Z38,20170611,813,1122
48Z38,20171212,1150,1153
48Z38,20170820,919,921
48Z38,20180314,315,1150
48Z38,20170120,482,1138
F3U8A,20180423,828,946
F3U8A,20170918,641,739
F3U8A,20170604,1038,1047
F3U8A,20180219,735,1111
F3U8A,20180315,481,951
F3U8A,20170827,392,629
F3U8A,20180407,176,902
F3U8A,20170505,1046,1047
F3U8A,20170815,346,488
F3U8A,20170530,1155,1157
F3U8A,20171020,621,1049
F3U8A,20180320,79,939
F3U8A,20170912,500,694
F3U8A,20170601,748,1158
F3U8A,20170823,132,454
F3U8A,20170427,619,1094
F3U8A,20180312,150,280
F3U8A,20170919,253,1187
F3U8A,20180119,499,808
F3U8A,20180324,608,1071
F3U8A,20170814,105,1056
F3U8A,20171029,1190,1198
F3U8A,20180311,241,821
F3U8A,20180223,851,1124
F3U8A,20170731,137,718
F3U8A,20170913,808,1161
F3U8A,20170203,701,1193
F3U8A,20170713,74,756
F3U8A,20180128,301,670
NF4S2,20171030,27,367
NF4S2,20170412,631,1147
NF4S2,20171220,139,1106
3JP0X,20180426,189,285
3JP0X,20170331,32,827
3JP0X,20171002,713,1151
3JP0X,20180226,830,881
3JP0X,20170906,860,939
3JP0X,20180209,942,1055
3JP0X,20170110,707,1187
3JP0X,20180427,79,1085
3JP0X,20180418,759,915
3JP0X,20180224,753,932
3JP0X,20171101,197,827
3JP0X,20170517,310,480
3JP0X,20170301,920,1036
3JP0X,20170720,773,1009
3JP0X,20180306,906,1138
3JP0X,20180120,544,1134
3JP0X,20170902,558,632
3JP0X,20170613,1103,1116
3JP0X,20170226,108,1074
3JP0X,20180113,120,356
3JP0X,20171023,546,1129
3JP0X,20170701,932,1156
3JP0X,20170707,163,223
3JP0X,20170101,154,609
3JP0X,20170514,654,822
3JP0X,20170708,9,837
3JP0X,20170623,1061,1166
3JP0X,20180122,909,1186
3JP0X,20170530,87,103
3BRSC,20170425,1159,1175
3BRSC,20180426,151,255
3BRSC,20170313,576,896
3BRSC,20171218,761,914
3BRSC,20170313,1109,1156
3BRSC,20170318,218,864
3BRSC,20170811,310,605
3BRSC,20171206,813,995
3BRSC,20170629,494,831
3BRSC,20170327,88,1192
3BRSC,20180115,354,825
RMX31,20180117,712,786
58636,20170806,1029,1186
58636,20180220,868,1162
58636,20180219,248,782
58636,20170727,22,488
58636,20170117,605,871
58636,20180223,751,930
58636,20180121,733,957
58636,20170508,1195,1199
58636,20170504,722,1188
58636,20170127,215,728
58636,20171031,161,373
58636,20180305,523,546
58636,20180120,362,943
58636,20170610,752,832
58636,20170215,422,855
58636,20170413,154,261
58636,20170422,570,1196
58636,20171103,137,664
58636,20170515,913,1062
58636,20170308,395,1053
58636,20170411,712,845
58636,20180419,1034,1100
58636,20171003,145,933
58636,20170406,1167,1175
58636,20171201,902,1058
58636,20171220,1158,1168
58636,20170218,296,364
58636,20170830,541,1129
NB387,20171116,508,877
NB387,20170124,1055,1064
NB387,20170819,191,430
NB387,20171108,297,862
NB387,20170210,1181,1188
NB387,20170525,344,448
NB387,20170724,1002,1142
NB387,20170119,671,1153
NB387,20170818,568,1171
NB387,20170227,448,1093
NB387,20171021,71,630
NB387,20170625,366,647
NB387,20180418,734,867
NB387,20170810,662,1182
NB387,20180211,866,1185
NB387,20171029,420,1077
NB387,20170621,930,1168
NB387,20170122,971,1021
NB387,20170304,828,1189
NB387,20171204,212,884
NB387,20170714,447,986
NB387,20170417,555,742
NB387,20171023,368,719
NB387,20170303,205,356
J4ML1,20180114,873,928
J4ML1,20171104,1113,1165
J4ML1,20180226,324,814
J4ML1,20170112,224,832
J4ML1,20171221,520,715
J4ML1,20180103,28,925
J4ML1,20170421,840,1117
J4ML1,20170525,58,341
J4ML1,20171129,894,977
J4ML1,20180404,537,846
J4ML1,20170405,1059,1082
J4ML1,20170629,29,810
J4ML1,20180108,1184,1190
J4ML1,20170418,1200,1200
J4ML1,20170312,1126,1162
J4ML1,20170910,595,1089
J4ML1,20171013,988,1071
J4ML1,20170417,290,1168
J4ML1,20170319,1134,1176
MN1KI,20170312,974,1019
MN1KI,20170115,1001,1069
MN1KI,20170718,950,958
MN1KI,20180215,241,809
MN1KI,20171007,1058,1100
MN1KI,20170830,722,752
GE5Q8,20180207,198,992
GE5Q8,20170304,215,1000
GE5Q8,20180304,987,1084
GE5Q8,20170906,408,436
GE5Q8,20170514,90,534
GE5Q8,20170730,1063,1129
GE5Q8,20170509,689,1183
GE5Q8,20180311,311,362
GE5Q8,20180405,53,861
GE5Q8,20180109,367,959
GE5Q8,20171027,1066,1179
GE5Q8,20171026,194,489
GE5Q8,20170728,404,995
GE5Q8,20180221,1164,1180
GE5Q8,20170923,520,580
GE5Q8,20180208,114,693
GE5Q8,20170711,890,1012
GE5Q8,20170317,901,1040
GE5Q8,20170515,925,998
ALP65,20170327,783,1058
ALP65,20170721,1039,1045
ALP65,20180420,368,676
ALP65,20180216,1062,1134
ALP65,20170225,607,1162
ALP65,20170318,1199,1199
ALP65,20171215,142,707
ALP65,20170926,1110,1186
ALP65,20180311,292,719
ALP65,20170818,72,111
ALP65,20170930,387,1183
ALP65,20170628,267,598
ALP65,20170811,174,653
ALP65,20180409,4,43
ALP65,20170613,760,1039
ALP65,20171009,216,1196
ALP65,20180417,189,650
ALP65,20170629,126,1080
ALP65,20170305,1065,1109
ALP65,20170114,113,293
ALP65,20170816,33,41
ALP65,20171130,466,1172
0T622,20171017,881,1108
0T622,20171207,256,320
0T622,20170306,12,875
0T622,20180309,486,727
0T622,20171025,750,1162
0T622,20170519,1011,1179
0T622,20180313,321,589
0T622,20170507,96,855
0T622,20170817,1121,1131
0T622,20170113,576,682
0T622,20170421,1023,1156
0T622,20170208,1127,1164
0T622,20180205,648,978
8VM1U,20170219,23,191
8VM1U,20180427,818,943
8VM1U,20170905,965,1115
8VM1U,20171228,1157,1182
8VM1U,20180320,796,1107
8VM1U,20170130,472,1059
8VM1U,20180423,779,779
8VM1U,20171113,879,912
8VM1U,20170729,690,1116
8VM1U,20180404,1163,1195
8VM1U,20170902,165,1118
5SPT1,20180116,755,952
5SPT1,20170612,98,493
5SPT1,20170721,1193,1199
5SPT1,20170113,1037,1136
5SPT1,20180127,155,1178
5SPT1,20171121,995,1157
5SPT1,20170529,776,1188
5SPT1,20171114,590,894
5SPT1,20180316,890,1130
5SPT1,20171221,414,647
5SPT1,20180206,697,1102
5SPT1,20170325,634,999
5SPT1,20171123,100,704
5SPT1,20180125,1135,1177
5SPT1,20171122,25,1099
5SPT1,20171202,634,812
5SPT1,20170521,539,744
3S8Z0,20180319,80,1006
3S8Z0,20170305,287,489
3S8Z0,20170828,517,583
3S8Z0,20170210,815,948
3S8Z0,20180217,754,1167
3S8Z0,20170730,13,646
3S8Z0,20170711,451,1154
3S8Z0,20170112,485,1156
3S8Z0,20170103,303,686
3S8Z0,20170502,1110,1190
3S8Z0,20170421,415,436
3S8Z0,20180428,620,635
3S8Z0,20171003,216,1032
3S8Z0,20171012,676,841
3S8Z0,20180111,985,1098
3S8Z0,20180224,1029,1031
3S8Z0,20170717,191,1061
3S8Z0,20170922,759,949
3S8Z0,20171216,269,681
3S8Z0,20180426,701,918
3S8Z0,20180310,692,925
3S8Z0,20171027,812,920
3S8Z0,20180107,827,1125
3S8Z0,20180410,695,883
3S8Z0,20170415,1196,1200
3S8Z0,20180203,756,954
BL3KC,20171207,761,1161
BL3KC,20170403,693,1066
BL3KC,20170511,375,418
BL3KC,20171001,85,623
BL3KC,20171118,105,963
BL3KC,20171122,1071,1189
BL3KC,20170418,476,1086
BL3KC,20171109,420,1170
BL3KC,20170809,1063,1101
BL3KC,20180323,523,958
BL3KC,20180406,1177,1183
BL3KC,20170108,619,923
BL3KC,20180326,935,1099
BL3KC,20180411,225,598
BL3KC,20170502,503,835
BL3KC,20170330,600,938
BL3KC,20180211,306,417
BL3KC,20170312,1016,1089
BL3KC,20170814,832,844
BL3KC,20180111,479,992
BL3KC,20170308,883,1091
BL3KC,20171225,1152,1191
BL3KC,20170807,263,886
BL3KC,20170514,600,671
BL3KC,20171228,1093,1127
BL3KC,20170419,124,284
BL3KC,20171021,1108,1193
BL3KC,20180209,740,1176
BL3KC,20170505,773,955
36646,20171128,275,517
36646,20170610,1033,1199
36646,20170714,665,837
36646,20171102,905,942
36646,20180309,417,981
36646,20170116,1199,1200
CGQ1A,20170809,359,1128
CGQ1A,20170426,426,1074
CGQ1A,20180309,1129,1156
CGQ1A,20170918,67,230
CGQ1A,20171122,192,704
CGQ1A,20180104,555,1045
CGQ1A,20170702,414,672
CGQ1A,20170715,690,942
CGQ1A,20170603,1098,1104
CGQ1A,20180105,83,1105
CGQ1A,20171011,1150,1183
CGQ1A,20170823,183,874
CGQ1A,20170813,263,441
CGQ1A,20171213,24,254
CGQ1A,20170410,1100,1146
CGQ1A,20180128,726,770
CGQ1A,20170719,862,994
CGQ1A,20170923,1049,1079
CGQ1A,20170625,182,586
CGQ1A,20170110,675,1032
CGQ1A,20180209,878,1135
CGQ1A,20171202,1061,1107
CGQ1A,20170401,443,678
CGQ1A,20171119,525,1149
CGQ1A,20170318,223,1044
CGQ1A,20170428,154,195
4SC0G,20180212,765,1128
4SC0G,20170207,431,1058
4SC0G,20170608,326,1064
4SC0G,20170402,929,1160
4MK73,20170611,297,950
4MK73,20170814,871,1138
4MK73,20171113,1059,1132
82OO1,20170807,534,723
82OO1,20170831,749,850
82OO1,20170526,936,1021
82OO1,20170319,944,1117
82OO1,20170121,796,1111
82OO1,20170923,687,759
82OO1,20171124,864,1014
82OO1,20171129,195,272
82OO1,20170407,922,939
82OO1,20180216,486,958
2111X,20180402,75,134
2111X,20171211,215,1140
2111X,20180329,243,898
2111X,20170711,786,866
2111X,20170117,1102,1180
2111X,20170131,97,507
2111X,20170410,915,960
2111X,20170508,729,1085
2111X,20171115,1110,1126
2111X,20180329,444,923
2111X,20170613,789,883
2111X,20170412,323,331
2111X,20170622,224,388
2111X,20170629,1003,1081
2111X,20180219,541,893
2111X,20180403,1081,1171
11ZAK,20170526,648,928
11ZAK,20170307,567,567
11ZAK,20171124,144,449
11ZAK,20170314,864,990
11ZAK,20171126,1024,1031
11ZAK,20170808,669,908
11ZAK,20170916,702,911
11ZAK,20170423,1021,1065
11ZAK,20180329,733,744
11ZAK,20180112,337,467
11ZAK,20170618,256,409
11ZAK,20171224,468,521
11ZAK,20171020,451,833
11ZAK,20170820,1107,1166
11ZAK,20180409,549,795
11ZAK,20170630,201,739
11ZAK,20180110,334,618
11ZAK,20180408,1136,1161
11ZAK,20170125,836,843
HM6U8,20170815,212,396
HM6U8,20170722,942,968
HM6U8,20180115,525,800
HM6U8,20171109,292,1150
HM6U8,20171113,416,599
HM6U8,20170920,201,1123
HM6U8,20170304,328,1093
HM6U8,20171202,1143,1166
HM6U8,20170921,1009,1030
HM6U8,20170205,1043,1107
HM6U8,20180218,888,1089
HM6U8,20180419,846,1174
HM6U8,20170221,1114,1135
HM6U8,20170224,810,814
HM6U8,20170624,283,1038
HM6U8,20170616,192,293
HM6U8,20170903,335,403
HM6U8,20170221,634,761
2V137,20171003,923,1047
2V137,20170627,186,1177
2V137,20170924,428,914
2V137,20170204,737,873
2V137,20170223,542,849
2V137,20171118,416,636
2V137,20171017,151,180
2V137,20180130,296,787
2V137,20170118,239,579
2V137,20171004,1097,1198
2V137,20170702,409,844
2V137,20170715,905,927
2V137,20170909,448,590
2V137,20180304,321,1187
2V137,20180209,77,636
4KB72,20170403,745,829
4KB72,20170404,832,1057
4KB72,20180407,859,996
4KB72,20171126,969,1054
4KB72,20180318,415,829
4KB72,20170109,642,767
4KB72,20170412,511,1022
4KB72,20180303,313,830
4KB72,20170311,678,792
4KB72,20170824,274,1021
4KB72,20171223,1200,1200
4KB72,20170311,609,705
4KB72,20171128,25,846
4KB72,20180126,318,680
4KB72,20170814,110,1085
4KB72,20170913,242,638
4KB72,20170925,1001,1051
4KB72,20170227,1167,1197
4KB72,20170422,1016,1114
4KB72,20170630,408,885
48Z7A,20180109,1600,1730
48Z55,20180109,1530,1700
90081,20180109,1600,1700
