user_id,photo_id
2,1
5,1
9,1
10,1
11,1
14,1
19,1
21,1
24,1
35,1
36,1
41,1
46,1
47,1
54,1
55,1
57,1
66,1
69,1
71,1
75,1
76,1
78,1
82,1
91,1
3,2
5,2
6,2
8,2
14,2
17,2
19,2
21,2
24,2
26,2
27,2
30,2
31,2
33,2
36,2
38,2
40,2
41,2
44,2
52,2
54,2
56,2
57,2
62,2
63,2
66,2
71,2
75,2
76,2
82,2
87,2
91,2
92,2
94,2
95,2
96,2
4,3
5,3
12,3
14,3
15,3
20,3
21,3
24,3
27,3
28,3
33,3
36,3
37,3
41,3
42,3
43,3
44,3
46,3
50,3
52,3
54,3
57,3
60,3
61,3
65,3
66,3
69,3
70,3
71,3
75,3
76,3
82,3
87,3
91,3
93,3
95,3
99,3
100,3
2,4
4,4
5,4
10,4
11,4
12,4
13,4
14,4
15,4
17,4
20,4
21,4
24,4
28,4
31,4
36,4
41,4
43,4
46,4
52,4
54,4
56,4
57,4
62,4
66,4
70,4
71,4
72,4
75,4
76,4
78,4
84,4
85,4
87,4
91,4
92,4
96,4
99,4
4,5
5,5
6,5
11,5
14,5
17,5
21,5
24,5
26,5
28,5
32,5
33,5
36,5
37,5
41,5
42,5
43,5
44,5
47,5
54,5
55,5
57,5
66,5
71,5
75,5
76,5
78,5
82,5
91,5
92,5
99,5
4,6
5,6
14,6
16,6
19,6
21,6
24,6
27,6
30,6
31,6
32,6
36,6
38,6
41,6
43,6
46,6
54,6
57,6
61,6
62,6
66,6
69,6
71,6
75,6
76,6
85,6
87,6
91,6
93,6
94,6
100,6
3,7
4,7
5,7
9,7
12,7
14,7
16,7
19,7
21,7
24,7
26,7
27,7
31,7
35,7
36,7
37,7
39,7
41,7
43,7
44,7
50,7
54,7
55,7
57,7
63,7
66,7
71,7
72,7
73,7
75,7
76,7
84,7
87,7
91,7
92,7
93,7
98,7
99,7
2,8
5,8
14,8
16,8
19,8
21,8
22,8
24,8
31,8
32,8
33,8
35,8
36,8
37,8
41,8
52,8
54,8
57,8
66,8
70,8
71,8
73,8
75,8
76,8
91,8
92,8
97,8
2,9
3,9
5,9
6,9
14,9
15,9
16,9
19,9
21,9
24,9
26,9
33,9
36,9
41,9
48,9
50,9
54,9
56,9
57,9
62,9
66,9
71,9
73,9
75,9
76,9
78,9
79,9
91,9
95,9
96,9
100,9
2,10
4,10
5,10
9,10
10,10
14,10
17,10
19,10
20,10
21,10
24,10
26,10
27,10
28,10
35,10
36,10
38,10
41,10
42,10
44,10
54,10
57,10
66,10
70,10
71,10
75,10
76,10
79,10
91,10
95,10
2,11
5,11
6,11
10,11
14,11
17,11
20,11
21,11
24,11
28,11
33,11
35,11
36,11
41,11
42,11
44,11
46,11
50,11
54,11
57,11
61,11
66,11
67,11
70,11
71,11
75,11
76,11
78,11
79,11
91,11
93,11
96,11
97,11
2,12
5,12
12,12
13,12
14,12
20,12
21,12
24,12
32,12
36,12
41,12
43,12
44,12
47,12
48,12
50,12
54,12
56,12
57,12
60,12
66,12
67,12
71,12
72,12
75,12
76,12
82,12
91,12
94,12
2,13
5,13
6,13
11,13
13,13
14,13
16,13
18,13
19,13
20,13
21,13
24,13
27,13
28,13
32,13
33,13
36,13
38,13
40,13
41,13
42,13
44,13
48,13
52,13
54,13
57,13
60,13
65,13
66,13
69,13
71,13
75,13
76,13
79,13
87,13
91,13
92,13
95,13
98,13
99,13
5,14
11,14
13,14
14,14
16,14
17,14
19,14
21,14
24,14
28,14
31,14
32,14
33,14
35,14
36,14
37,14
38,14
41,14
42,14
48,14
54,14
57,14
61,14
62,14
66,14
69,14
71,14
75,14
76,14
79,14
84,14
91,14
92,14
94,14
98,14
2,15
5,15
10,15
14,15
15,15
16,15
19,15
20,15
21,15
24,15
26,15
27,15
28,15
32,15
36,15
41,15
42,15
47,15
50,15
54,15
56,15
57,15
66,15
70,15
71,15
72,15
75,15
76,15
79,15
91,15
93,15
98,15
99,15
100,15
5,16
8,16
10,16
14,16
17,16
20,16
21,16
22,16
24,16
30,16
36,16
37,16
39,16
40,16
41,16
42,16
43,16
44,16
47,16
52,16
54,16
56,16
57,16
60,16
61,16
66,16
69,16
71,16
72,16
73,16
75,16
76,16
91,16
93,16
95,16
96,16
100,16
4,17
5,17
11,17
14,17
16,17
21,17
24,17
27,17
28,17
30,17
36,17
37,17
41,17
44,17
48,17
52,17
54,17
55,17
57,17
60,17
61,17
63,17
65,17
66,17
71,17
75,17
76,17
78,17
79,17
82,17
91,17
93,17
94,17
97,17
98,17
99,17
5,18
10,18
12,18
14,18
18,18
21,18
22,18
24,18
31,18
36,18
41,18
46,18
47,18
48,18
54,18
57,18
61,18
62,18
66,18
71,18
73,18
75,18
76,18
82,18
84,18
85,18
87,18
91,18
95,18
96,18
98,18
4,19
5,19
6,19
10,19
13,19
14,19
20,19
21,19
24,19
28,19
31,19
36,19
38,19
40,19
41,19
42,19
50,19
52,19
54,19
55,19
57,19
60,19
61,19
62,19
66,19
69,19
71,19
72,19
75,19
76,19
85,19
91,19
92,19
94,19
95,19
4,20
5,20
9,20
12,20
14,20
16,20
17,20
20,20
21,20
24,20
28,20
31,20
36,20
41,20
44,20
48,20
54,20
57,20
63,20
65,20
66,20
67,20
69,20
70,20
71,20
75,20
76,20
82,20
85,20
87,20
91,20
94,20
96,20
97,20
100,20
5,21
9,21
10,21
14,21
17,21
18,21
20,21
21,21
22,21
24,21
26,21
33,21
36,21
37,21
38,21
40,21
41,21
43,21
52,21
54,21
56,21
57,21
61,21
63,21
65,21
66,21
69,21
71,21
73,21
75,21
76,21
82,21
84,21
91,21
96,21
97,21
4,22
5,22
8,22
13,22
14,22
16,22
17,22
21,22
22,22
24,22
26,22
30,22
35,22
36,22
41,22
46,22
54,22
57,22
61,22
66,22
69,22
71,22
75,22
76,22
79,22
91,22
94,22
97,22
2,23
3,23
5,23
9,23
12,23
14,23
15,23
21,23
22,23
24,23
30,23
36,23
37,23
38,23
41,23
42,23
46,23
50,23
54,23
55,23
57,23
66,23
69,23
70,23
71,23
73,23
75,23
76,23
78,23
79,23
85,23
87,23
91,23
92,23
94,23
95,23
96,23
98,23
4,24
5,24
6,24
14,24
15,24
16,24
18,24
19,24
21,24
24,24
32,24
33,24
36,24
41,24
42,24
46,24
47,24
50,24
54,24
56,24
57,24
60,24
61,24
66,24
67,24
69,24
71,24
73,24
75,24
76,24
84,24
87,24
91,24
92,24
98,24
2,25
5,25
10,25
13,25
14,25
15,25
16,25
17,25
19,25
21,25
22,25
24,25
27,25
32,25
35,25
36,25
41,25
44,25
46,25
54,25
57,25
60,25
61,25
66,25
69,25
71,25
75,25
76,25
78,25
84,25
91,25
92,25
94,25
95,25
98,25
100,25
3,26
5,26
8,26
14,26
15,26
16,26
21,26
22,26
24,26
26,26
27,26
36,26
41,26
47,26
52,26
54,26
56,26
57,26
61,26
65,26
66,26
70,26
71,26
73,26
75,26
76,26
78,26
87,26
91,26
92,26
2,27
5,27
9,27
10,27
11,27
14,27
19,27
20,27
21,27
24,27
26,27
36,27
37,27
39,27
41,27
43,27
48,27
54,27
57,27
60,27
65,27
66,27
67,27
71,27
75,27
76,27
84,27
85,27
91,27
96,27
99,27
3,28
5,28
6,28
9,28
12,28
13,28
14,28
17,28
19,28
20,28
21,28
24,28
26,28
27,28
30,28
35,28
36,28
40,28
41,28
43,28
44,28
50,28
52,28
54,28
57,28
60,28
65,28
66,28
69,28
71,28
72,28
75,28
76,28
79,28
91,28
94,28
3,29
4,29
5,29
6,29
8,29
12,29
14,29
16,29
21,29
24,29
26,29
28,29
35,29
36,29
38,29
41,29
43,29
46,29
54,29
57,29
60,29
65,29
66,29
69,29
70,29
71,29
73,29
75,29
76,29
87,29
91,29
93,29
94,29
2,30
3,30
5,30
6,30
8,30
9,30
14,30
16,30
18,30
21,30
24,30
27,30
30,30
32,30
33,30
35,30
36,30
38,30
39,30
41,30
42,30
47,30
54,30
55,30
57,30
63,30
66,30
67,30
69,30
70,30
71,30
72,30
73,30
75,30
76,30
85,30
87,30
91,30
92,30
98,30
100,30
4,31
5,31
9,31
13,31
14,31
15,31
16,31
21,31
22,31
24,31
31,31
33,31
36,31
41,31
42,31
43,31
47,31
54,31
57,31
66,31
67,31
69,31
71,31
73,31
75,31
76,31
84,31
91,31
92,31
95,31
99,31
5,32
8,32
11,32
14,32
16,32
19,32
21,32
24,32
28,32
32,32
35,32
36,32
38,32
39,32
41,32
43,32
46,32
54,32
57,32
62,32
63,32
66,32
67,32
70,32
71,32
75,32
76,32
85,32
87,32
91,32
94,32
96,32
99,32
5,33
10,33
11,33
12,33
14,33
15,33
21,33
24,33
30,33
31,33
35,33
36,33
38,33
39,33
40,33
41,33
46,33
54,33
57,33
60,33
61,33
63,33
65,33
66,33
71,33
75,33
76,33
79,33
91,33
2,34
5,34
14,34
17,34
21,34
22,34
24,34
26,34
32,34
35,34
36,34
40,34
41,34
46,34
54,34
57,34
60,34
66,34
70,34
71,34
72,34
73,34
75,34
76,34
78,34
85,34
91,34
92,34
94,34
96,34
97,34
100,34
5,35
8,35
14,35
15,35
20,35
21,35
24,35
31,35
33,35
35,35
36,35
38,35
40,35
41,35
42,35
43,35
44,35
54,35
55,35
57,35
62,35
63,35
65,35
66,35
71,35
75,35
76,35
87,35
91,35
93,35
95,35
96,35
2,36
3,36
5,36
6,36
8,36
9,36
14,36
16,36
18,36
21,36
24,36
30,36
31,36
35,36
36,36
37,36
41,36
42,36
47,36
50,36
54,36
57,36
63,36
66,36
67,36
71,36
75,36
76,36
79,36
91,36
92,36
95,36
97,36
98,36
100,36
4,37
5,37
6,37
11,37
12,37
14,37
17,37
21,37
24,37
27,37
32,37
33,37
35,37
36,37
40,37
41,37
44,37
48,37
50,37
54,37
55,37
57,37
60,37
61,37
62,37
65,37
66,37
71,37
75,37
76,37
78,37
79,37
82,37
91,37
93,37
96,37
97,37
98,37
3,38
5,38
8,38
10,38
11,38
14,38
16,38
19,38
21,38
22,38
24,38
26,38
32,38
33,38
36,38
39,38
41,38
43,38
47,38
54,38
57,38
63,38
65,38
66,38
70,38
71,38
75,38
76,38
91,38
92,38
100,38
2,39
4,39
5,39
11,39
14,39
15,39
18,39
21,39
24,39
26,39
28,39
30,39
36,39
37,39
38,39
39,39
41,39
43,39
47,39
54,39
56,39
57,39
66,39
67,39
69,39
71,39
72,39
73,39
75,39
76,39
91,39
92,39
95,39
98,39
5,40
6,40
9,40
10,40
11,40
13,40
14,40
18,40
21,40
22,40
24,40
26,40
27,40
30,40
35,40
36,40
41,40
46,40
48,40
54,40
57,40
60,40
61,40
62,40
66,40
67,40
69,40
70,40
71,40
72,40
75,40
76,40
85,40
91,40
92,40
93,40
99,40
2,41
3,41
5,41
6,41
12,41
13,41
14,41
17,41
19,41
21,41
22,41
24,41
32,41
33,41
36,41
37,41
38,41
41,41
44,41
54,41
55,41
56,41
57,41
61,41
62,41
65,41
66,41
69,41
70,41
71,41
73,41
75,41
76,41
82,41
91,41
94,41
96,41
99,41
4,42
5,42
8,42
10,42
11,42
14,42
18,42
20,42
21,42
24,42
35,42
36,42
38,42
39,42
41,42
42,42
43,42
44,42
52,42
54,42
56,42
57,42
62,42
66,42
67,42
69,42
70,42
71,42
73,42
75,42
76,42
82,42
87,42
91,42
96,42
97,42
100,42
2,43
4,43
5,43
6,43
12,43
13,43
14,43
15,43
16,43
21,43
22,43
24,43
31,43
36,43
38,43
39,43
40,43
41,43
42,43
43,43
46,43
50,43
54,43
55,43
57,43
66,43
69,43
71,43
75,43
76,43
78,43
79,43
82,43
85,43
91,43
92,43
99,43
5,44
10,44
14,44
16,44
18,44
21,44
24,44
28,44
30,44
31,44
36,44
37,44
39,44
41,44
44,44
46,44
47,44
50,44
52,44
54,44
57,44
62,44
66,44
67,44
71,44
73,44
75,44
76,44
78,44
79,44
82,44
85,44
91,44
92,44
93,44
94,44
95,44
97,44
100,44
2,45
5,45
6,45
8,45
9,45
11,45
12,45
14,45
16,45
20,45
21,45
24,45
26,45
35,45
36,45
40,45
41,45
44,45
47,45
48,45
54,45
57,45
66,45
67,45
71,45
72,45
73,45
75,45
76,45
79,45
84,45
87,45
91,45
93,45
4,46
5,46
12,46
14,46
15,46
17,46
21,46
22,46
24,46
26,46
27,46
28,46
35,46
36,46
41,46
42,46
46,46
50,46
54,46
56,46
57,46
60,46
62,46
63,46
65,46
66,46
71,46
73,46
75,46
76,46
85,46
91,46
98,46
100,46
4,47
5,47
6,47
9,47
13,47
14,47
18,47
20,47
21,47
24,47
33,47
36,47
41,47
42,47
54,47
57,47
65,47
66,47
67,47
70,47
71,47
73,47
75,47
76,47
79,47
85,47
91,47
92,47
96,47
100,47
2,48
4,48
5,48
9,48
11,48
12,48
14,48
20,48
21,48
24,48
31,48
33,48
36,48
37,48
41,48
43,48
47,48
54,48
55,48
56,48
57,48
61,48
62,48
63,48
65,48
66,48
71,48
75,48
76,48
84,48
91,48
92,48
93,48
94,48
100,48
2,49
3,49
4,49
5,49
11,49
12,49
14,49
15,49
16,49
17,49
18,49
21,49
24,49
30,49
33,49
36,49
38,49
40,49
41,49
47,49
50,49
54,49
57,49
66,49
69,49
70,49
71,49
73,49
75,49
76,49
85,49
87,49
91,49
92,49
93,49
94,49
96,49
2,50
5,50
6,50
8,50
12,50
14,50
19,50
21,50
24,50
26,50
36,50
41,50
42,50
47,50
50,50
52,50
54,50
57,50
66,50
71,50
72,50
75,50
76,50
85,50
91,50
92,50
99,50
5,51
9,51
11,51
14,51
21,51
22,51
24,51
28,51
35,51
36,51
37,51
39,51
41,51
54,51
57,51
62,51
65,51
66,51
69,51
70,51
71,51
72,51
75,51
76,51
78,51
84,51
87,51
91,51
94,51
2,52
3,52
5,52
11,52
13,52
14,52
15,52
17,52
18,52
21,52
24,52
27,52
28,52
30,52
33,52
35,52
36,52
37,52
39,52
41,52
46,52
50,52
52,52
54,52
55,52
57,52
61,52
63,52
66,52
70,52
71,52
75,52
76,52
78,52
79,52
82,52
84,52
85,52
87,52
91,52
95,52
2,53
5,53
9,53
13,53
14,53
16,53
17,53
20,53
21,53
24,53
31,53
36,53
37,53
41,53
44,53
46,53
50,53
54,53
56,53
57,53
61,53
63,53
65,53
66,53
70,53
71,53
73,53
75,53
76,53
78,53
82,53
91,53
93,53
96,53
97,53
100,53
3,54
5,54
9,54
11,54
12,54
14,54
17,54
18,54
21,54
24,54
26,54
31,54
36,54
40,54
41,54
54,54
57,54
60,54
63,54
66,54
71,54
73,54
75,54
76,54
91,54
93,54
94,54
96,54
98,54
99,54
100,54
4,55
5,55
6,55
8,55
10,55
11,55
13,55
14,55
19,55
21,55
24,55
26,55
31,55
32,55
35,55
36,55
38,55
40,55
41,55
44,55
52,55
54,55
57,55
62,55
66,55
71,55
72,55
75,55
76,55
82,55
91,55
92,55
93,55
94,55
98,55
3,56
5,56
6,56
13,56
14,56
20,56
21,56
24,56
27,56
28,56
36,56
41,56
42,56
44,56
52,56
54,56
55,56
56,56
57,56
62,56
63,56
66,56
71,56
73,56
75,56
76,56
78,56
85,56
91,56
94,56
95,56
96,56
97,56
98,56
99,56
100,56
5,57
6,57
8,57
10,57
13,57
14,57
16,57
19,57
20,57
21,57
22,57
24,57
32,57
36,57
38,57
40,57
41,57
43,57
48,57
50,57
54,57
55,57
57,57
61,57
62,57
65,57
66,57
67,57
71,57
72,57
75,57
76,57
91,57
92,57
96,57
98,57
99,57
2,58
3,58
5,58
10,58
14,58
17,58
18,58
19,58
21,58
22,58
24,58
30,58
31,58
33,58
36,58
37,58
41,58
46,58
54,58
57,58
61,58
62,58
66,58
71,58
72,58
73,58
75,58
76,58
82,58
85,58
91,58
92,58
93,58
94,58
96,58
98,58
5,59
6,59
8,59
10,59
12,59
14,59
17,59
18,59
19,59
20,59
21,59
24,59
26,59
30,59
32,59
36,59
41,59
44,59
47,59
48,59
50,59
54,59
55,59
56,59
57,59
60,59
63,59
66,59
69,59
71,59
73,59
75,59
76,59
84,59
85,59
87,59
91,59
5,60
8,60
11,60
14,60
15,60
16,60
21,60
22,60
24,60
30,60
31,60
32,60
35,60
36,60
40,60
41,60
42,60
52,60
54,60
57,60
61,60
65,60
66,60
69,60
71,60
73,60
75,60
76,60
79,60
84,60
87,60
91,60
3,61
5,61
6,61
9,61
12,61
13,61
14,61
15,61
16,61
19,61
21,61
22,61
24,61
26,61
28,61
32,61
35,61
36,61
39,61
41,61
42,61
48,61
50,61
52,61
54,61
55,61
56,61
57,61
60,61
66,61
71,61
72,61
73,61
75,61
76,61
78,61
82,61
85,61
87,61
91,61
100,61
2,62
3,62
5,62
9,62
10,62
11,62
14,62
16,62
21,62
22,62
24,62
28,62
30,62
31,62
32,62
33,62
36,62
41,62
43,62
44,62
46,62
52,62
54,62
56,62
57,62
60,62
61,62
62,62
66,62
67,62
70,62
71,62
75,62
76,62
79,62
85,62
91,62
99,62
100,62
3,63
4,63
5,63
9,63
10,63
11,63
14,63
20,63
21,63
22,63
24,63
27,63
31,63
33,63
36,63
39,63
41,63
48,63
52,63
54,63
55,63
57,63
62,63
66,63
70,63
71,63
73,63
75,63
76,63
78,63
82,63
85,63
87,63
91,63
95,63
96,63
99,63
100,63
4,64
5,64
6,64
8,64
11,64
13,64
14,64
17,64
20,64
21,64
24,64
26,64
27,64
30,64
32,64
36,64
39,64
40,64
41,64
43,64
48,64
50,64
54,64
57,64
60,64
65,64
66,64
71,64
73,64
75,64
76,64
82,64
91,64
94,64
2,65
3,65
4,65
5,65
9,65
12,65
13,65
14,65
15,65
21,65
24,65
26,65
36,65
38,65
41,65
42,65
44,65
48,65
52,65
54,65
57,65
62,65
63,65
66,65
71,65
72,65
75,65
76,65
78,65
82,65
87,65
91,65
97,65
3,66
4,66
5,66
6,66
8,66
14,66
15,66
20,66
21,66
24,66
26,66
32,66
35,66
36,66
39,66
41,66
43,66
46,66
47,66
52,66
54,66
55,66
57,66
60,66
61,66
62,66
65,66
66,66
67,66
71,66
75,66
76,66
79,66
87,66
91,66
92,66
93,66
97,66
99,66
3,67
5,67
11,67
14,67
15,67
16,67
17,67
18,67
20,67
21,67
24,67
31,67
32,67
36,67
39,67
40,67
41,67
50,67
54,67
55,67
57,67
60,67
61,67
62,67
63,67
65,67
66,67
67,67
71,67
75,67
76,67
78,67
82,67
91,67
96,67
5,68
6,68
9,68
13,68
14,68
17,68
21,68
22,68
24,68
30,68
32,68
36,68
37,68
41,68
43,68
47,68
54,68
56,68
57,68
61,68
63,68
66,68
67,68
70,68
71,68
75,68
76,68
91,68
93,68
94,68
95,68
98,68
99,68
100,68
2,69
3,69
5,69
11,69
14,69
15,69
18,69
21,69
22,69
24,69
31,69
32,69
33,69
35,69
36,69
37,69
38,69
40,69
41,69
43,69
47,69
50,69
54,69
57,69
62,69
63,69
66,69
70,69
71,69
73,69
75,69
76,69
82,69
91,69
92,69
94,69
95,69
96,69
4,70
5,70
8,70
12,70
13,70
14,70
15,70
21,70
22,70
24,70
32,70
36,70
41,70
42,70
43,70
44,70
50,70
54,70
55,70
57,70
62,70
65,70
66,70
67,70
71,70
72,70
75,70
76,70
85,70
87,70
91,70
94,70
97,70
98,70
3,71
4,71
5,71
10,71
11,71
14,71
16,71
18,71
19,71
20,71
21,71
22,71
24,71
32,71
36,71
39,71
41,71
50,71
54,71
57,71
61,71
65,71
66,71
67,71
71,71
75,71
76,71
78,71
82,71
84,71
85,71
91,71
92,71
93,71
98,71
99,71
100,71
5,72
10,72
11,72
12,72
14,72
17,72
21,72
24,72
31,72
33,72
36,72
37,72
39,72
40,72
41,72
42,72
43,72
46,72
54,72
55,72
57,72
61,72
63,72
66,72
71,72
75,72
76,72
84,72
91,72
92,72
95,72
98,72
100,72
3,73
5,73
9,73
11,73
14,73
18,73
21,73
24,73
27,73
31,73
36,73
41,73
43,73
54,73
57,73
61,73
66,73
67,73
70,73
71,73
72,73
75,73
76,73
78,73
82,73
85,73
87,73
91,73
92,73
98,73
99,73
5,74
8,74
11,74
12,74
13,74
14,74
21,74
22,74
24,74
26,74
27,74
28,74
31,74
36,74
37,74
41,74
47,74
48,74
54,74
57,74
61,74
65,74
66,74
71,74
75,74
76,74
78,74
84,74
85,74
87,74
91,74
96,74
99,74
100,74
3,75
5,75
6,75
8,75
10,75
11,75
13,75
14,75
16,75
21,75
22,75
24,75
26,75
36,75
39,75
40,75
41,75
43,75
47,75
52,75
54,75
55,75
56,75
57,75
66,75
71,75
75,75
76,75
91,75
92,75
93,75
94,75
96,75
3,76
4,76
5,76
8,76
9,76
14,76
17,76
20,76
21,76
24,76
27,76
35,76
36,76
38,76
40,76
41,76
43,76
48,76
54,76
56,76
57,76
66,76
67,76
70,76
71,76
75,76
76,76
91,76
92,76
93,76
99,76
100,76
4,77
5,77
9,77
10,77
11,77
13,77
14,77
21,77
24,77
27,77
28,77
31,77
32,77
36,77
37,77
41,77
47,77
52,77
54,77
55,77
56,77
57,77
62,77
65,77
66,77
71,77
75,77
76,77
82,77
84,77
85,77
91,77
94,77
95,77
100,77
5,78
6,78
9,78
10,78
14,78
16,78
18,78
21,78
24,78
26,78
30,78
33,78
35,78
36,78
37,78
40,78
41,78
42,78
52,78
54,78
55,78
57,78
60,78
65,78
66,78
71,78
73,78
75,78
76,78
91,78
93,78
94,78
97,78
98,78
5,79
11,79
14,79
16,79
17,79
18,79
21,79
22,79
24,79
28,79
31,79
33,79
35,79
36,79
39,79
40,79
41,79
42,79
54,79
57,79
66,79
69,79
70,79
71,79
75,79
76,79
79,79
85,79
91,79
94,79
95,79
96,79
97,79
100,79
2,80
5,80
6,80
9,80
10,80
13,80
14,80
19,80
21,80
24,80
27,80
28,80
30,80
35,80
36,80
37,80
38,80
41,80
52,80
54,80
57,80
60,80
61,80
65,80
66,80
67,80
71,80
75,80
76,80
84,80
87,80
91,80
93,80
96,80
100,80
5,81
9,81
10,81
13,81
14,81
15,81
16,81
17,81
21,81
24,81
26,81
27,81
30,81
35,81
36,81
37,81
38,81
40,81
41,81
52,81
54,81
55,81
57,81
63,81
65,81
66,81
67,81
71,81
75,81
76,81
78,81
85,81
91,81
92,81
96,81
97,81
98,81
99,81
4,82
5,82
6,82
9,82
10,82
12,82
13,82
14,82
16,82
18,82
19,82
21,82
22,82
24,82
26,82
28,82
33,82
36,82
37,82
41,82
44,82
50,82
52,82
54,82
57,82
66,82
71,82
75,82
76,82
79,82
91,82
92,82
93,82
95,82
96,82
3,83
5,83
11,83
12,83
14,83
16,83
17,83
18,83
19,83
21,83
24,83
27,83
28,83
30,83
35,83
36,83
38,83
40,83
41,83
48,83
54,83
57,83
62,83
66,83
70,83
71,83
75,83
76,83
91,83
92,83
95,83
2,84
4,84
5,84
6,84
8,84
9,84
13,84
14,84
15,84
17,84
19,84
21,84
24,84
26,84
35,84
36,84
39,84
41,84
44,84
46,84
47,84
48,84
54,84
57,84
62,84
63,84
66,84
70,84
71,84
75,84
76,84
82,84
91,84
92,84
99,84
5,85
10,85
13,85
14,85
19,85
21,85
22,85
24,85
26,85
28,85
30,85
31,85
35,85
36,85
41,85
42,85
43,85
44,85
46,85
47,85
48,85
54,85
57,85
60,85
66,85
67,85
70,85
71,85
75,85
76,85
91,85
92,85
93,85
95,85
96,85
99,85
2,86
5,86
12,86
13,86
14,86
16,86
19,86
20,86
21,86
22,86
24,86
28,86
30,86
36,86
39,86
40,86
41,86
43,86
54,86
55,86
57,86
61,86
63,86
66,86
71,86
72,86
73,86
75,86
76,86
82,86
84,86
91,86
93,86
96,86
5,87
6,87
9,87
11,87
14,87
15,87
18,87
19,87
21,87
24,87
27,87
36,87
38,87
39,87
41,87
46,87
52,87
54,87
55,87
56,87
57,87
60,87
63,87
66,87
67,87
69,87
71,87
72,87
75,87
76,87
79,87
82,87
91,87
93,87
97,87
99,87
100,87
5,88
10,88
13,88
14,88
16,88
21,88
24,88
26,88
27,88
30,88
33,88
36,88
41,88
46,88
48,88
50,88
54,88
55,88
56,88
57,88
61,88
63,88
65,88
66,88
67,88
71,88
75,88
76,88
87,88
91,88
93,88
98,88
99,88
2,89
5,89
8,89
9,89
14,89
19,89
21,89
22,89
24,89
36,89
37,89
38,89
40,89
41,89
47,89
50,89
54,89
56,89
57,89
66,89
70,89
71,89
75,89
76,89
79,89
84,89
85,89
91,89
92,89
94,89
95,89
100,89
2,90
5,90
9,90
14,90
15,90
16,90
21,90
24,90
26,90
28,90
33,90
36,90
38,90
39,90
40,90
41,90
48,90
50,90
52,90
54,90
55,90
57,90
60,90
65,90
66,90
67,90
70,90
71,90
75,90
76,90
79,90
84,90
85,90
91,90
95,90
97,90
2,91
5,91
6,91
9,91
13,91
14,91
16,91
18,91
21,91
24,91
27,91
33,91
36,91
39,91
40,91
41,91
46,91
54,91
56,91
57,91
61,91
63,91
66,91
67,91
71,91
73,91
75,91
76,91
79,91
87,91
91,91
92,91
98,91
99,91
2,92
3,92
5,92
12,92
14,92
17,92
21,92
24,92
27,92
35,92
36,92
39,92
41,92
46,92
50,92
52,92
54,92
56,92
57,92
60,92
66,92
67,92
71,92
75,92
76,92
82,92
84,92
91,92
99,92
3,93
5,93
6,93
10,93
14,93
16,93
17,93
21,93
24,93
30,93
32,93
35,93
36,93
41,93
54,93
55,93
56,93
57,93
60,93
61,93
65,93
66,93
70,93
71,93
75,93
76,93
82,93
91,93
92,93
93,93
100,93
4,94
5,94
14,94
15,94
16,94
21,94
24,94
26,94
35,94
36,94
39,94
40,94
41,94
42,94
46,94
54,94
55,94
56,94
57,94
60,94
65,94
66,94
69,94
70,94
71,94
72,94
75,94
76,94
85,94
87,94
91,94
98,94
99,94
100,94
4,95
5,95
11,95
12,95
14,95
21,95
24,95
27,95
28,95
36,95
38,95
40,95
41,95
44,95
47,95
54,95
57,95
63,95
66,95
71,95
73,95
75,95
76,95
78,95
84,95
91,95
97,95
100,95
5,96
6,96
9,96
14,96
15,96
17,96
21,96
24,96
26,96
28,96
31,96
36,96
37,96
39,96
40,96
41,96
54,96
57,96
61,96
62,96
66,96
67,96
71,96
72,96
75,96
76,96
79,96
84,96
87,96
91,96
97,96
98,96
5,97
6,97
8,97
9,97
14,97
17,97
19,97
20,97
21,97
22,97
24,97
32,97
35,97
36,97
39,97
41,97
42,97
44,97
46,97
47,97
54,97
56,97
57,97
61,97
63,97
65,97
66,97
67,97
71,97
72,97
75,97
76,97
82,97
87,97
91,97
93,97
94,97
98,97
99,97
100,97
5,98
6,98
8,98
9,98
14,98
16,98
17,98
18,98
21,98
22,98
24,98
26,98
28,98
36,98
37,98
41,98
43,98
47,98
54,98
57,98
63,98
66,98
71,98
72,98
73,98
75,98
76,98
84,98
85,98
87,98
91,98
93,98
99,98
100,98
2,99
5,99
6,99
14,99
18,99
20,99
21,99
24,99
27,99
31,99
36,99
40,99
41,99
44,99
54,99
56,99
57,99
60,99
65,99
66,99
67,99
69,99
71,99
72,99
75,99
76,99
78,99
79,99
85,99
87,99
91,99
95,99
96,99
98,99
3,100
4,100
5,100
6,100
8,100
9,100
10,100
11,100
14,100
15,100
18,100
21,100
24,100
26,100
28,100
36,100
38,100
40,100
41,100
44,100
46,100
50,100
52,100
54,100
57,100
60,100
65,100
66,100
70,100
71,100
75,100
76,100
78,100
82,100
87,100
91,100
95,100
96,100
99,100
2,101
3,101
4,101
5,101
8,101
14,101
15,101
19,101
21,101
24,101
26,101
28,101
30,101
33,101
36,101
38,101
39,101
41,101
44,101
47,101
54,101
56,101
57,101
60,101
61,101
66,101
67,101
71,101
75,101
76,101
78,101
82,101
85,101
91,101
94,101
100,101
3,102
4,102
5,102
8,102
10,102
11,102
14,102
15,102
20,102
21,102
24,102
27,102
28,102
30,102
36,102
37,102
41,102
42,102
54,102
57,102
62,102
66,102
67,102
69,102
70,102
71,102
75,102
76,102
78,102
84,102
87,102
91,102
96,102
100,102
2,103
3,103
5,103
8,103
14,103
16,103
19,103
21,103
24,103
26,103
27,103
30,103
35,103
36,103
41,103
42,103
44,103
48,103
54,103
56,103
57,103
60,103
61,103
62,103
63,103
65,103
66,103
71,103
72,103
75,103
76,103
91,103
92,103
94,103
95,103
3,104
5,104
6,104
8,104
9,104
14,104
19,104
21,104
22,104
24,104
32,104
35,104
36,104
40,104
41,104
43,104
44,104
48,104
54,104
57,104
66,104
71,104
75,104
76,104
79,104
82,104
85,104
91,104
92,104
95,104
98,104
2,105
3,105
5,105
14,105
15,105
19,105
21,105
24,105
26,105
28,105
36,105
40,105
41,105
43,105
46,105
48,105
52,105
54,105
57,105
60,105
61,105
66,105
67,105
69,105
70,105
71,105
72,105
73,105
75,105
76,105
84,105
91,105
93,105
5,106
9,106
13,106
14,106
15,106
16,106
17,106
21,106
22,106
24,106
26,106
30,106
35,106
36,106
39,106
41,106
42,106
43,106
50,106
52,106
54,106
56,106
57,106
65,106
66,106
67,106
71,106
75,106
76,106
79,106
82,106
85,106
91,106
94,106
99,106
100,106
2,107
4,107
5,107
6,107
10,107
14,107
15,107
18,107
21,107
24,107
26,107
30,107
32,107
36,107
41,107
43,107
44,107
46,107
50,107
52,107
54,107
57,107
60,107
62,107
66,107
69,107
70,107
71,107
75,107
76,107
79,107
84,107
87,107
91,107
93,107
94,107
98,107
99,107
100,107
3,108
5,108
8,108
14,108
18,108
21,108
24,108
33,108
36,108
39,108
41,108
43,108
48,108
54,108
57,108
61,108
66,108
67,108
71,108
75,108
76,108
82,108
84,108
85,108
91,108
93,108
97,108
99,108
100,108
3,109
4,109
5,109
6,109
10,109
11,109
12,109
13,109
14,109
21,109
22,109
24,109
27,109
28,109
31,109
32,109
36,109
37,109
41,109
54,109
55,109
56,109
57,109
61,109
62,109
66,109
71,109
75,109
76,109
87,109
91,109
97,109
100,109
4,110
5,110
8,110
9,110
10,110
11,110
14,110
15,110
21,110
22,110
24,110
26,110
28,110
31,110
32,110
33,110
36,110
37,110
39,110
41,110
43,110
44,110
54,110
57,110
62,110
63,110
66,110
70,110
71,110
75,110
76,110
78,110
82,110
85,110
87,110
91,110
92,110
94,110
96,110
2,111
3,111
5,111
6,111
8,111
10,111
14,111
21,111
24,111
32,111
35,111
36,111
37,111
38,111
41,111
42,111
48,111
50,111
54,111
56,111
57,111
63,111
65,111
66,111
69,111
71,111
75,111
76,111
78,111
79,111
82,111
91,111
94,111
2,112
5,112
11,112
14,112
16,112
17,112
20,112
21,112
24,112
27,112
30,112
32,112
36,112
37,112
40,112
41,112
42,112
54,112
55,112
57,112
65,112
66,112
67,112
69,112
70,112
71,112
72,112
73,112
75,112
76,112
82,112
85,112
91,112
99,112
100,112
4,113
5,113
9,113
14,113
15,113
16,113
19,113
20,113
21,113
24,113
26,113
28,113
30,113
35,113
36,113
39,113
41,113
47,113
52,113
54,113
55,113
57,113
61,113
62,113
63,113
66,113
67,113
70,113
71,113
75,113
76,113
78,113
84,113
91,113
94,113
96,113
4,114
5,114
11,114
12,114
14,114
17,114
19,114
20,114
21,114
22,114
24,114
36,114
41,114
42,114
47,114
50,114
52,114
54,114
57,114
61,114
63,114
66,114
67,114
70,114
71,114
73,114
75,114
76,114
82,114
91,114
95,114
97,114
2,115
3,115
4,115
5,115
12,115
14,115
20,115
21,115
24,115
30,115
35,115
36,115
38,115
39,115
41,115
47,115
54,115
55,115
57,115
61,115
66,115
71,115
72,115
75,115
76,115
79,115
91,115
93,115
94,115
96,115
99,115
4,116
5,116
9,116
11,116
12,116
14,116
15,116
16,116
21,116
24,116
28,116
31,116
35,116
36,116
37,116
39,116
40,116
41,116
42,116
47,116
48,116
54,116
56,116
57,116
63,116
65,116
66,116
71,116
75,116
76,116
82,116
87,116
91,116
96,116
98,116
100,116
2,117
5,117
6,117
11,117
14,117
15,117
17,117
21,117
22,117
24,117
27,117
30,117
31,117
35,117
36,117
41,117
43,117
47,117
48,117
50,117
52,117
54,117
57,117
66,117
71,117
72,117
75,117
76,117
78,117
85,117
91,117
93,117
95,117
96,117
97,117
2,118
3,118
4,118
5,118
6,118
11,118
14,118
16,118
19,118
21,118
22,118
24,118
30,118
31,118
35,118
36,118
37,118
38,118
40,118
41,118
42,118
43,118
44,118
50,118
52,118
54,118
57,118
60,118
61,118
62,118
66,118
71,118
72,118
75,118
76,118
78,118
91,118
97,118
100,118
2,119
3,119
4,119
5,119
6,119
11,119
12,119
14,119
15,119
18,119
19,119
20,119
21,119
24,119
28,119
32,119
33,119
35,119
36,119
40,119
41,119
43,119
54,119
56,119
57,119
61,119
66,119
70,119
71,119
72,119
75,119
76,119
79,119
84,119
87,119
91,119
93,119
96,119
97,119
4,120
5,120
6,120
9,120
10,120
14,120
15,120
17,120
18,120
21,120
24,120
26,120
28,120
31,120
36,120
38,120
39,120
41,120
46,120
47,120
50,120
52,120
54,120
55,120
57,120
61,120
62,120
66,120
70,120
71,120
73,120
75,120
76,120
78,120
82,120
91,120
94,120
4,121
5,121
9,121
11,121
14,121
16,121
19,121
21,121
24,121
28,121
33,121
36,121
37,121
39,121
40,121
41,121
43,121
44,121
54,121
57,121
60,121
61,121
62,121
66,121
69,121
71,121
75,121
76,121
79,121
82,121
91,121
93,121
97,121
99,121
5,122
6,122
10,122
12,122
14,122
15,122
16,122
17,122
21,122
22,122
24,122
30,122
35,122
36,122
41,122
42,122
50,122
54,122
57,122
61,122
66,122
70,122
71,122
75,122
76,122
79,122
82,122
85,122
87,122
91,122
92,122
93,122
94,122
5,123
6,123
8,123
12,123
14,123
15,123
16,123
17,123
19,123
20,123
21,123
22,123
24,123
26,123
31,123
35,123
36,123
38,123
39,123
41,123
42,123
48,123
50,123
52,123
54,123
57,123
66,123
67,123
69,123
70,123
71,123
72,123
73,123
75,123
76,123
78,123
84,123
87,123
91,123
93,123
95,123
100,123
4,124
5,124
8,124
11,124
13,124
14,124
16,124
18,124
21,124
24,124
32,124
33,124
36,124
41,124
44,124
47,124
54,124
57,124
60,124
62,124
66,124
69,124
70,124
71,124
72,124
73,124
75,124
76,124
78,124
82,124
85,124
91,124
93,124
95,124
5,125
8,125
14,125
15,125
16,125
18,125
19,125
20,125
21,125
24,125
33,125
36,125
37,125
40,125
41,125
46,125
47,125
54,125
55,125
57,125
60,125
63,125
66,125
69,125
71,125
75,125
76,125
78,125
82,125
84,125
91,125
92,125
96,125
2,126
5,126
6,126
11,126
14,126
16,126
19,126
21,126
24,126
26,126
36,126
38,126
40,126
41,126
42,126
43,126
54,126
57,126
60,126
61,126
62,126
66,126
69,126
71,126
72,126
75,126
76,126
82,126
84,126
87,126
91,126
94,126
95,126
96,126
100,126
2,127
4,127
5,127
6,127
9,127
13,127
14,127
15,127
20,127
21,127
24,127
26,127
27,127
31,127
33,127
36,127
41,127
42,127
43,127
44,127
46,127
47,127
54,127
55,127
57,127
63,127
65,127
66,127
67,127
69,127
70,127
71,127
72,127
73,127
75,127
76,127
82,127
84,127
87,127
91,127
95,127
96,127
97,127
2,128
3,128
4,128
5,128
8,128
10,128
14,128
21,128
22,128
24,128
27,128
30,128
36,128
41,128
42,128
43,128
48,128
54,128
55,128
57,128
62,128
66,128
71,128
75,128
76,128
78,128
79,128
84,128
91,128
92,128
94,128
97,128
98,128
100,128
4,129
5,129
8,129
9,129
11,129
14,129
16,129
17,129
21,129
24,129
30,129
32,129
36,129
37,129
39,129
41,129
46,129
54,129
57,129
62,129
66,129
69,129
71,129
75,129
76,129
79,129
91,129
92,129
93,129
4,130
5,130
14,130
16,130
19,130
21,130
22,130
24,130
27,130
28,130
30,130
35,130
36,130
41,130
44,130
48,130
54,130
56,130
57,130
66,130
67,130
71,130
72,130
75,130
76,130
85,130
91,130
92,130
94,130
4,131
5,131
8,131
11,131
14,131
17,131
18,131
20,131
21,131
24,131
26,131
27,131
33,131
36,131
41,131
54,131
57,131
62,131
66,131
69,131
71,131
73,131
75,131
76,131
79,131
91,131
95,131
97,131
100,131
3,132
5,132
14,132
16,132
18,132
21,132
24,132
26,132
27,132
32,132
33,132
35,132
36,132
37,132
38,132
41,132
43,132
44,132
54,132
56,132
57,132
66,132
67,132
71,132
72,132
73,132
75,132
76,132
87,132
91,132
3,133
5,133
6,133
9,133
10,133
11,133
13,133
14,133
16,133
17,133
19,133
21,133
22,133
24,133
30,133
31,133
33,133
36,133
40,133
41,133
43,133
46,133
52,133
54,133
57,133
62,133
63,133
66,133
69,133
71,133
73,133
75,133
76,133
82,133
91,133
97,133
100,133
3,134
5,134
10,134
14,134
17,134
18,134
20,134
21,134
24,134
31,134
32,134
33,134
35,134
36,134
41,134
42,134
47,134
48,134
50,134
54,134
55,134
56,134
57,134
65,134
66,134
71,134
75,134
76,134
78,134
87,134
91,134
93,134
94,134
95,134
3,135
5,135
8,135
10,135
13,135
14,135
21,135
24,135
31,135
36,135
39,135
41,135
42,135
43,135
48,135
54,135
57,135
60,135
63,135
65,135
66,135
67,135
71,135
73,135
75,135
76,135
78,135
79,135
91,135
5,136
13,136
14,136
15,136
16,136
19,136
21,136
24,136
26,136
28,136
30,136
31,136
35,136
36,136
37,136
38,136
41,136
46,136
54,136
57,136
60,136
62,136
66,136
69,136
71,136
75,136
76,136
84,136
87,136
91,136
93,136
94,136
96,136
98,136
99,136
5,137
11,137
14,137
15,137
16,137
18,137
20,137
21,137
24,137
26,137
30,137
31,137
33,137
36,137
40,137
41,137
43,137
44,137
54,137
57,137
60,137
61,137
66,137
67,137
69,137
71,137
72,137
75,137
76,137
85,137
91,137
92,137
93,137
96,137
99,137
2,138
4,138
5,138
8,138
11,138
13,138
14,138
21,138
24,138
26,138
30,138
31,138
32,138
36,138
40,138
41,138
42,138
46,138
50,138
54,138
56,138
57,138
66,138
71,138
75,138
76,138
78,138
82,138
85,138
91,138
93,138
96,138
98,138
100,138
5,139
9,139
10,139
13,139
14,139
16,139
21,139
24,139
36,139
39,139
41,139
42,139
43,139
50,139
52,139
54,139
57,139
61,139
65,139
66,139
71,139
75,139
76,139
91,139
94,139
96,139
100,139
2,140
4,140
5,140
12,140
14,140
17,140
20,140
21,140
22,140
24,140
30,140
32,140
33,140
36,140
37,140
41,140
43,140
52,140
54,140
57,140
65,140
66,140
69,140
71,140
75,140
76,140
78,140
82,140
84,140
87,140
91,140
95,140
97,140
5,141
8,141
11,141
12,141
14,141
15,141
21,141
22,141
24,141
33,141
35,141
36,141
38,141
40,141
41,141
50,141
54,141
55,141
57,141
60,141
61,141
62,141
66,141
71,141
72,141
75,141
76,141
78,141
84,141
91,141
92,141
97,141
99,141
100,141
2,142
4,142
5,142
6,142
13,142
14,142
17,142
19,142
20,142
21,142
24,142
27,142
28,142
36,142
41,142
42,142
44,142
50,142
54,142
56,142
57,142
63,142
66,142
71,142
72,142
73,142
75,142
76,142
85,142
87,142
91,142
96,142
5,143
9,143
10,143
12,143
13,143
14,143
18,143
20,143
21,143
24,143
26,143
32,143
36,143
41,143
48,143
50,143
52,143
54,143
57,143
62,143
66,143
70,143
71,143
75,143
76,143
91,143
93,143
95,143
97,143
98,143
5,144
6,144
8,144
10,144
14,144
17,144
18,144
20,144
21,144
24,144
27,144
28,144
30,144
36,144
37,144
38,144
39,144
40,144
41,144
47,144
48,144
50,144
54,144
57,144
61,144
66,144
69,144
70,144
71,144
72,144
73,144
75,144
76,144
91,144
92,144
93,144
95,144
98,144
99,144
3,145
4,145
5,145
6,145
11,145
13,145
14,145
16,145
17,145
18,145
20,145
21,145
22,145
24,145
26,145
27,145
30,145
36,145
37,145
39,145
40,145
41,145
47,145
48,145
50,145
52,145
54,145
55,145
56,145
57,145
60,145
61,145
62,145
63,145
66,145
67,145
69,145
70,145
71,145
72,145
75,145
76,145
78,145
85,145
91,145
92,145
95,145
98,145
2,146
4,146
5,146
14,146
19,146
20,146
21,146
24,146
35,146
36,146
37,146
39,146
41,146
44,146
48,146
50,146
52,146
54,146
57,146
62,146
63,146
65,146
66,146
71,146
72,146
75,146
76,146
91,146
92,146
93,146
94,146
95,146
98,146
3,147
4,147
5,147
8,147
11,147
12,147
14,147
15,147
16,147
18,147
20,147
21,147
22,147
24,147
26,147
27,147
28,147
31,147
32,147
33,147
36,147
37,147
38,147
39,147
41,147
43,147
46,147
47,147
54,147
57,147
61,147
66,147
69,147
71,147
73,147
75,147
76,147
82,147
87,147
91,147
95,147
5,148
10,148
11,148
13,148
14,148
16,148
19,148
21,148
24,148
28,148
30,148
31,148
32,148
33,148
36,148
37,148
40,148
41,148
48,148
50,148
52,148
54,148
57,148
62,148
66,148
67,148
71,148
75,148
76,148
91,148
92,148
95,148
96,148
5,149
6,149
8,149
9,149
14,149
15,149
19,149
20,149
21,149
22,149
24,149
36,149
38,149
39,149
41,149
44,149
48,149
52,149
54,149
55,149
57,149
60,149
63,149
65,149
66,149
71,149
75,149
76,149
79,149
85,149
91,149
93,149
94,149
99,149
3,150
4,150
5,150
8,150
10,150
12,150
13,150
14,150
15,150
16,150
19,150
21,150
22,150
24,150
26,150
33,150
35,150
36,150
37,150
41,150
44,150
52,150
54,150
57,150
60,150
65,150
66,150
69,150
71,150
75,150
76,150
78,150
82,150
84,150
91,150
97,150
98,150
100,150
5,151
14,151
15,151
18,151
19,151
21,151
22,151
24,151
26,151
31,151
36,151
37,151
39,151
41,151
44,151
48,151
50,151
54,151
55,151
56,151
57,151
60,151
65,151
66,151
69,151
71,151
72,151
75,151
76,151
79,151
87,151
91,151
5,152
10,152
12,152
13,152
14,152
15,152
20,152
21,152
22,152
24,152
30,152
33,152
35,152
36,152
40,152
41,152
42,152
47,152
54,152
56,152
57,152
66,152
70,152
71,152
75,152
76,152
79,152
84,152
87,152
91,152
94,152
96,152
98,152
3,153
5,153
11,153
13,153
14,153
19,153
20,153
21,153
24,153
27,153
28,153
30,153
31,153
35,153
36,153
41,153
42,153
43,153
46,153
48,153
50,153
52,153
54,153
56,153
57,153
62,153
63,153
66,153
67,153
69,153
71,153
75,153
76,153
78,153
79,153
82,153
91,153
92,153
93,153
97,153
2,154
3,154
5,154
8,154
10,154
14,154
20,154
21,154
24,154
28,154
36,154
37,154
38,154
41,154
46,154
54,154
55,154
57,154
63,154
66,154
69,154
71,154
72,154
75,154
76,154
78,154
82,154
84,154
87,154
91,154
93,154
94,154
95,154
100,154
5,155
8,155
14,155
16,155
17,155
18,155
21,155
22,155
24,155
26,155
27,155
32,155
33,155
36,155
37,155
39,155
41,155
42,155
43,155
50,155
52,155
54,155
56,155
57,155
62,155
66,155
70,155
71,155
73,155
75,155
76,155
82,155
85,155
87,155
91,155
93,155
95,155
97,155
4,156
5,156
6,156
8,156
9,156
14,156
15,156
21,156
24,156
33,156
36,156
40,156
41,156
42,156
47,156
54,156
55,156
57,156
60,156
65,156
66,156
69,156
71,156
75,156
76,156
82,156
85,156
91,156
92,156
94,156
96,156
4,157
5,157
8,157
14,157
18,157
19,157
20,157
21,157
24,157
26,157
27,157
36,157
41,157
46,157
47,157
48,157
54,157
55,157
57,157
60,157
63,157
66,157
67,157
71,157
73,157
75,157
76,157
82,157
91,157
92,157
96,157
97,157
100,157
2,158
3,158
4,158
5,158
9,158
10,158
13,158
14,158
21,158
22,158
24,158
26,158
28,158
36,158
39,158
41,158
46,158
50,158
52,158
54,158
56,158
57,158
62,158
63,158
65,158
66,158
69,158
71,158
75,158
76,158
84,158
91,158
97,158
98,158
99,158
3,159
5,159
14,159
17,159
20,159
21,159
22,159
24,159
26,159
36,159
37,159
41,159
42,159
44,159
50,159
54,159
56,159
57,159
63,159
66,159
67,159
71,159
75,159
76,159
78,159
87,159
91,159
95,159
96,159
98,159
100,159
3,160
5,160
8,160
12,160
14,160
16,160
18,160
19,160
21,160
24,160
28,160
30,160
32,160
36,160
37,160
39,160
40,160
41,160
46,160
54,160
55,160
56,160
57,160
65,160
66,160
71,160
72,160
75,160
76,160
91,160
99,160
2,161
5,161
8,161
9,161
12,161
13,161
14,161
15,161
21,161
22,161
24,161
28,161
31,161
32,161
33,161
36,161
37,161
39,161
41,161
44,161
48,161
50,161
54,161
57,161
66,161
67,161
69,161
71,161
72,161
75,161
76,161
84,161
85,161
87,161
91,161
92,161
95,161
96,161
98,161
99,161
2,162
3,162
4,162
5,162
13,162
14,162
19,162
20,162
21,162
22,162
24,162
27,162
36,162
38,162
39,162
41,162
43,162
46,162
48,162
54,162
55,162
56,162
57,162
66,162
69,162
70,162
71,162
72,162
75,162
76,162
79,162
85,162
91,162
92,162
93,162
94,162
98,162
100,162
5,163
6,163
8,163
9,163
10,163
14,163
18,163
20,163
21,163
24,163
26,163
27,163
28,163
30,163
33,163
36,163
40,163
41,163
48,163
52,163
54,163
57,163
60,163
61,163
66,163
71,163
75,163
76,163
78,163
79,163
84,163
91,163
95,163
5,164
11,164
12,164
13,164
14,164
21,164
22,164
24,164
26,164
28,164
36,164
40,164
41,164
42,164
43,164
44,164
50,164
54,164
57,164
62,164
66,164
70,164
71,164
72,164
75,164
76,164
78,164
82,164
84,164
91,164
95,164
100,164
2,165
5,165
11,165
12,165
14,165
15,165
17,165
19,165
20,165
21,165
24,165
31,165
32,165
36,165
38,165
40,165
41,165
47,165
50,165
54,165
56,165
57,165
66,165
71,165
72,165
75,165
76,165
87,165
91,165
4,166
5,166
11,166
12,166
14,166
16,166
17,166
19,166
21,166
22,166
24,166
26,166
30,166
32,166
35,166
36,166
37,166
41,166
43,166
52,166
54,166
57,166
60,166
66,166
67,166
69,166
70,166
71,166
75,166
76,166
78,166
84,166
85,166
91,166
92,166
94,166
2,167
5,167
9,167
11,167
14,167
21,167
24,167
32,167
36,167
41,167
42,167
54,167
55,167
56,167
57,167
62,167
63,167
65,167
66,167
67,167
69,167
71,167
73,167
75,167
76,167
78,167
85,167
87,167
91,167
96,167
98,167
5,168
9,168
13,168
14,168
20,168
21,168
24,168
30,168
31,168
32,168
33,168
36,168
37,168
40,168
41,168
42,168
43,168
44,168
47,168
54,168
56,168
57,168
65,168
66,168
71,168
73,168
75,168
76,168
82,168
84,168
87,168
91,168
3,169
5,169
14,169
15,169
16,169
19,169
21,169
22,169
24,169
27,169
31,169
36,169
37,169
41,169
42,169
44,169
46,169
48,169
50,169
54,169
56,169
57,169
62,169
63,169
66,169
67,169
69,169
71,169
75,169
76,169
82,169
85,169
91,169
93,169
94,169
95,169
96,169
98,169
2,170
5,170
9,170
10,170
11,170
14,170
17,170
18,170
21,170
22,170
24,170
26,170
27,170
28,170
35,170
36,170
37,170
41,170
42,170
44,170
54,170
57,170
62,170
65,170
66,170
71,170
72,170
75,170
76,170
78,170
82,170
91,170
94,170
96,170
2,171
3,171
5,171
11,171
13,171
14,171
16,171
17,171
18,171
20,171
21,171
22,171
24,171
36,171
39,171
41,171
46,171
50,171
52,171
54,171
55,171
57,171
63,171
65,171
66,171
71,171
73,171
75,171
76,171
79,171
84,171
87,171
91,171
95,171
96,171
98,171
3,172
4,172
5,172
6,172
12,172
13,172
14,172
15,172
18,172
21,172
24,172
28,172
36,172
41,172
43,172
46,172
48,172
52,172
54,172
56,172
57,172
60,172
63,172
66,172
67,172
71,172
75,172
76,172
79,172
91,172
96,172
100,172
4,173
5,173
6,173
10,173
11,173
12,173
13,173
14,173
16,173
20,173
21,173
24,173
31,173
36,173
41,173
48,173
54,173
56,173
57,173
66,173
67,173
69,173
70,173
71,173
72,173
75,173
76,173
78,173
79,173
87,173
91,173
94,173
95,173
100,173
2,174
3,174
5,174
8,174
10,174
11,174
12,174
13,174
14,174
16,174
18,174
21,174
24,174
31,174
32,174
36,174
37,174
39,174
40,174
41,174
43,174
46,174
47,174
48,174
50,174
52,174
54,174
57,174
60,174
62,174
66,174
69,174
71,174
75,174
76,174
78,174
91,174
92,174
95,174
97,174
98,174
4,175
5,175
10,175
14,175
15,175
17,175
19,175
21,175
24,175
30,175
32,175
35,175
36,175
41,175
47,175
54,175
57,175
66,175
69,175
70,175
71,175
75,175
76,175
84,175
85,175
91,175
93,175
99,175
2,176
5,176
14,176
17,176
20,176
21,176
24,176
28,176
33,176
36,176
39,176
41,176
44,176
47,176
54,176
55,176
56,176
57,176
60,176
62,176
63,176
66,176
69,176
70,176
71,176
73,176
75,176
76,176
87,176
91,176
92,176
95,176
98,176
5,177
9,177
12,177
13,177
14,177
15,177
16,177
18,177
21,177
24,177
31,177
36,177
37,177
38,177
40,177
41,177
43,177
48,177
54,177
56,177
57,177
62,177
65,177
66,177
67,177
70,177
71,177
75,177
76,177
78,177
84,177
91,177
94,177
97,177
98,177
100,177
2,178
5,178
6,178
9,178
11,178
14,178
16,178
18,178
19,178
21,178
24,178
27,178
28,178
32,178
33,178
36,178
38,178
41,178
44,178
50,178
52,178
54,178
57,178
60,178
62,178
66,178
67,178
69,178
71,178
75,178
76,178
78,178
91,178
92,178
96,178
97,178
99,178
5,179
11,179
13,179
14,179
21,179
22,179
24,179
28,179
32,179
33,179
36,179
38,179
39,179
41,179
48,179
50,179
52,179
54,179
57,179
61,179
66,179
69,179
71,179
72,179
75,179
76,179
85,179
91,179
97,179
98,179
4,180
5,180
10,180
13,180
14,180
16,180
17,180
19,180
21,180
24,180
28,180
30,180
31,180
32,180
33,180
36,180
40,180
41,180
54,180
56,180
57,180
60,180
62,180
63,180
66,180
69,180
71,180
73,180
75,180
76,180
78,180
82,180
84,180
85,180
87,180
91,180
92,180
97,180
99,180
4,181
5,181
6,181
9,181
11,181
13,181
14,181
15,181
16,181
19,181
20,181
21,181
24,181
26,181
32,181
33,181
36,181
37,181
38,181
41,181
50,181
54,181
57,181
60,181
61,181
65,181
66,181
71,181
75,181
76,181
84,181
85,181
87,181
91,181
99,181
3,182
5,182
11,182
14,182
19,182
21,182
24,182
26,182
27,182
28,182
30,182
33,182
35,182
36,182
37,182
38,182
39,182
40,182
41,182
42,182
43,182
44,182
48,182
50,182
52,182
54,182
57,182
61,182
65,182
66,182
71,182
72,182
73,182
75,182
76,182
79,182
84,182
91,182
93,182
94,182
96,182
97,182
98,182
2,183
5,183
6,183
8,183
14,183
15,183
18,183
21,183
24,183
26,183
27,183
31,183
32,183
35,183
36,183
38,183
40,183
41,183
42,183
43,183
46,183
47,183
50,183
52,183
54,183
57,183
61,183
63,183
66,183
67,183
71,183
72,183
73,183
75,183
76,183
78,183
91,183
100,183
5,184
14,184
15,184
19,184
21,184
24,184
26,184
32,184
36,184
41,184
42,184
43,184
47,184
48,184
50,184
52,184
54,184
56,184
57,184
66,184
67,184
69,184
71,184
73,184
75,184
76,184
82,184
91,184
97,184
100,184
5,185
8,185
9,185
10,185
14,185
16,185
18,185
21,185
24,185
26,185
31,185
36,185
39,185
41,185
44,185
52,185
54,185
56,185
57,185
60,185
61,185
66,185
70,185
71,185
72,185
75,185
76,185
84,185
85,185
91,185
92,185
95,185
100,185
2,186
3,186
5,186
8,186
9,186
10,186
11,186
13,186
14,186
19,186
21,186
22,186
24,186
27,186
31,186
36,186
38,186
41,186
47,186
48,186
50,186
54,186
57,186
63,186
66,186
70,186
71,186
72,186
73,186
75,186
76,186
91,186
94,186
96,186
97,186
98,186
2,187
5,187
6,187
8,187
12,187
14,187
15,187
21,187
24,187
27,187
36,187
40,187
41,187
44,187
48,187
50,187
54,187
57,187
60,187
66,187
69,187
71,187
73,187
75,187
76,187
79,187
91,187
96,187
98,187
99,187
100,187
5,188
11,188
14,188
18,188
19,188
21,188
24,188
27,188
31,188
32,188
36,188
40,188
41,188
42,188
44,188
54,188
57,188
63,188
65,188
66,188
71,188
75,188
76,188
87,188
91,188
92,188
94,188
95,188
96,188
99,188
2,189
3,189
5,189
8,189
9,189
11,189
14,189
16,189
19,189
21,189
24,189
28,189
30,189
31,189
35,189
36,189
38,189
39,189
41,189
43,189
44,189
46,189
54,189
57,189
63,189
66,189
67,189
70,189
71,189
75,189
76,189
78,189
84,189
87,189
91,189
97,189
5,190
9,190
14,190
15,190
20,190
21,190
22,190
24,190
26,190
27,190
30,190
35,190
36,190
37,190
41,190
42,190
47,190
48,190
54,190
57,190
61,190
63,190
66,190
69,190
71,190
73,190
75,190
76,190
78,190
84,190
85,190
91,190
93,190
95,190
96,190
97,190
2,191
4,191
5,191
8,191
10,191
11,191
14,191
19,191
21,191
24,191
27,191
35,191
36,191
38,191
39,191
41,191
46,191
54,191
55,191
57,191
65,191
66,191
69,191
71,191
72,191
75,191
76,191
85,191
87,191
91,191
96,191
2,192
5,192
12,192
13,192
14,192
16,192
21,192
22,192
24,192
27,192
28,192
30,192
31,192
32,192
36,192
38,192
39,192
40,192
41,192
42,192
43,192
46,192
47,192
48,192
50,192
54,192
57,192
63,192
65,192
66,192
70,192
71,192
75,192
76,192
78,192
91,192
92,192
93,192
95,192
96,192
98,192
2,193
5,193
10,193
14,193
17,193
21,193
24,193
27,193
30,193
32,193
36,193
41,193
42,193
43,193
44,193
48,193
54,193
57,193
63,193
66,193
71,193
73,193
75,193
76,193
79,193
85,193
91,193
93,193
98,193
99,193
5,194
8,194
10,194
14,194
20,194
21,194
24,194
26,194
32,194
36,194
37,194
39,194
41,194
42,194
48,194
52,194
54,194
57,194
60,194
63,194
65,194
66,194
71,194
75,194
76,194
91,194
92,194
95,194
98,194
2,195
5,195
12,195
13,195
14,195
16,195
17,195
21,195
24,195
36,195
40,195
41,195
42,195
54,195
57,195
62,195
65,195
66,195
71,195
75,195
76,195
87,195
91,195
94,195
96,195
98,195
2,196
5,196
12,196
14,196
16,196
21,196
24,196
26,196
30,196
35,196
36,196
39,196
40,196
41,196
42,196
43,196
47,196
48,196
54,196
55,196
56,196
57,196
61,196
62,196
63,196
65,196
66,196
67,196
71,196
72,196
75,196
76,196
87,196
91,196
95,196
96,196
98,196
99,196
4,197
5,197
6,197
8,197
14,197
16,197
19,197
21,197
24,197
27,197
30,197
36,197
38,197
40,197
41,197
42,197
46,197
48,197
54,197
57,197
60,197
62,197
65,197
66,197
67,197
69,197
71,197
72,197
73,197
75,197
76,197
78,197
84,197
85,197
87,197
91,197
92,197
93,197
2,198
5,198
9,198
11,198
13,198
14,198
15,198
16,198
17,198
18,198
21,198
22,198
24,198
26,198
27,198
33,198
35,198
36,198
38,198
41,198
46,198
54,198
57,198
65,198
66,198
67,198
71,198
72,198
75,198
76,198
82,198
91,198
92,198
93,198
94,198
95,198
97,198
2,199
3,199
4,199
5,199
8,199
13,199
14,199
17,199
21,199
22,199
24,199
31,199
32,199
36,199
37,199
38,199
39,199
41,199
42,199
44,199
48,199
54,199
55,199
56,199
57,199
63,199
66,199
71,199
73,199
75,199
76,199
84,199
85,199
91,199
92,199
93,199
96,199
97,199
99,199
5,200
14,200
17,200
18,200
19,200
21,200
22,200
24,200
27,200
31,200
33,200
36,200
39,200
41,200
46,200
47,200
52,200
54,200
57,200
62,200
66,200
67,200
70,200
71,200
73,200
75,200
76,200
79,200
82,200
91,200
93,200
95,200
96,200
98,200
2,201
4,201
5,201
8,201
9,201
10,201
11,201
13,201
14,201
18,201
21,201
22,201
24,201
28,201
30,201
31,201
35,201
36,201
37,201
38,201
41,201
48,201
54,201
55,201
56,201
57,201
60,201
62,201
65,201
66,201
67,201
69,201
71,201
75,201
76,201
79,201
91,201
99,201
100,201
2,202
5,202
8,202
9,202
12,202
14,202
17,202
21,202
22,202
24,202
36,202
39,202
41,202
42,202
52,202
54,202
56,202
57,202
60,202
66,202
69,202
70,202
71,202
72,202
75,202
76,202
87,202
91,202
92,202
93,202
94,202
5,203
8,203
12,203
13,203
14,203
16,203
17,203
18,203
20,203
21,203
22,203
24,203
31,203
32,203
35,203
36,203
37,203
38,203
39,203
41,203
47,203
52,203
54,203
55,203
57,203
66,203
67,203
69,203
70,203
71,203
72,203
73,203
75,203
76,203
91,203
94,203
100,203
4,204
5,204
11,204
12,204
14,204
15,204
18,204
19,204
21,204
24,204
31,204
32,204
33,204
36,204
38,204
41,204
43,204
50,204
54,204
57,204
60,204
65,204
66,204
67,204
69,204
71,204
72,204
73,204
75,204
76,204
82,204
91,204
92,204
93,204
94,204
2,205
3,205
5,205
9,205
10,205
11,205
12,205
14,205
15,205
16,205
18,205
19,205
20,205
21,205
24,205
32,205
36,205
39,205
41,205
44,205
46,205
54,205
55,205
57,205
62,205
65,205
66,205
70,205
71,205
72,205
75,205
76,205
82,205
84,205
85,205
91,205
92,205
93,205
96,205
2,206
5,206
10,206
14,206
15,206
16,206
19,206
20,206
21,206
24,206
26,206
27,206
36,206
37,206
38,206
40,206
41,206
46,206
54,206
55,206
57,206
60,206
66,206
69,206
70,206
71,206
73,206
75,206
76,206
78,206
91,206
93,206
94,206
95,206
96,206
2,207
5,207
6,207
9,207
10,207
12,207
13,207
14,207
15,207
19,207
21,207
24,207
32,207
36,207
38,207
40,207
41,207
43,207
44,207
54,207
56,207
57,207
66,207
69,207
71,207
75,207
76,207
78,207
84,207
91,207
96,207
5,208
10,208
14,208
15,208
18,208
20,208
21,208
24,208
31,208
33,208
36,208
41,208
43,208
44,208
46,208
54,208
56,208
57,208
60,208
61,208
62,208
63,208
66,208
69,208
71,208
75,208
76,208
85,208
91,208
2,209
3,209
4,209
5,209
11,209
13,209
14,209
16,209
18,209
20,209
21,209
24,209
26,209
33,209
36,209
41,209
43,209
52,209
54,209
57,209
62,209
66,209
67,209
71,209
72,209
75,209
76,209
78,209
79,209
87,209
91,209
93,209
95,209
100,209
2,210
4,210
5,210
8,210
12,210
13,210
14,210
15,210
17,210
18,210
21,210
24,210
26,210
31,210
36,210
39,210
41,210
46,210
54,210
57,210
61,210
63,210
65,210
66,210
69,210
71,210
72,210
75,210
76,210
79,210
82,210
85,210
91,210
93,210
94,210
95,210
98,210
99,210
3,211
4,211
5,211
14,211
15,211
17,211
21,211
24,211
26,211
32,211
36,211
37,211
38,211
39,211
40,211
41,211
43,211
44,211
46,211
48,211
54,211
55,211
57,211
60,211
63,211
66,211
71,211
73,211
75,211
76,211
79,211
84,211
87,211
91,211
95,211
100,211
3,212
5,212
13,212
14,212
15,212
16,212
19,212
20,212
21,212
22,212
24,212
26,212
30,212
31,212
36,212
41,212
42,212
50,212
52,212
54,212
57,212
61,212
63,212
65,212
66,212
69,212
71,212
75,212
76,212
78,212
79,212
82,212
85,212
87,212
91,212
93,212
94,212
5,213
9,213
14,213
15,213
18,213
19,213
20,213
21,213
24,213
26,213
36,213
37,213
38,213
39,213
40,213
41,213
44,213
54,213
55,213
56,213
57,213
61,213
63,213
66,213
67,213
71,213
75,213
76,213
79,213
91,213
93,213
95,213
96,213
99,213
100,213
2,214
5,214
10,214
13,214
14,214
15,214
16,214
18,214
21,214
22,214
24,214
26,214
30,214
33,214
36,214
38,214
39,214
41,214
46,214
52,214
54,214
57,214
65,214
66,214
71,214
75,214
76,214
78,214
91,214
5,215
9,215
10,215
13,215
14,215
16,215
19,215
21,215
24,215
26,215
30,215
32,215
33,215
36,215
37,215
41,215
54,215
57,215
66,215
70,215
71,215
72,215
75,215
76,215
84,215
91,215
92,215
95,215
96,215
5,216
13,216
14,216
21,216
24,216
36,216
37,216
41,216
42,216
46,216
47,216
50,216
54,216
55,216
57,216
65,216
66,216
67,216
71,216
75,216
76,216
79,216
85,216
87,216
91,216
92,216
93,216
94,216
95,216
97,216
5,217
6,217
9,217
13,217
14,217
15,217
19,217
21,217
24,217
28,217
31,217
32,217
35,217
36,217
37,217
39,217
40,217
41,217
47,217
54,217
56,217
57,217
60,217
62,217
66,217
69,217
71,217
73,217
75,217
76,217
87,217
91,217
93,217
97,217
5,218
9,218
10,218
14,218
17,218
18,218
21,218
22,218
24,218
32,218
36,218
38,218
41,218
42,218
54,218
55,218
57,218
61,218
62,218
66,218
69,218
70,218
71,218
72,218
73,218
75,218
76,218
79,218
91,218
92,218
93,218
97,218
4,219
5,219
8,219
11,219
14,219
16,219
18,219
20,219
21,219
24,219
32,219
35,219
36,219
39,219
40,219
41,219
44,219
54,219
57,219
60,219
63,219
65,219
66,219
71,219
73,219
75,219
76,219
79,219
82,219
91,219
92,219
97,219
2,220
4,220
5,220
6,220
8,220
14,220
17,220
21,220
24,220
26,220
31,220
32,220
36,220
39,220
40,220
41,220
42,220
46,220
54,220
57,220
62,220
66,220
70,220
71,220
73,220
75,220
76,220
79,220
84,220
85,220
91,220
93,220
96,220
4,221
5,221
6,221
13,221
14,221
21,221
24,221
32,221
33,221
35,221
36,221
37,221
38,221
39,221
41,221
44,221
50,221
52,221
54,221
55,221
57,221
66,221
67,221
71,221
75,221
76,221
87,221
91,221
92,221
93,221
94,221
95,221
98,221
99,221
5,222
10,222
14,222
15,222
18,222
21,222
24,222
30,222
31,222
32,222
35,222
36,222
41,222
42,222
43,222
46,222
48,222
52,222
54,222
56,222
57,222
61,222
62,222
63,222
66,222
70,222
71,222
75,222
76,222
87,222
91,222
93,222
95,222
96,222
97,222
99,222
3,223
5,223
6,223
9,223
14,223
17,223
21,223
24,223
36,223
40,223
41,223
43,223
54,223
57,223
66,223
70,223
71,223
72,223
73,223
75,223
76,223
78,223
82,223
91,223
93,223
2,224
5,224
14,224
16,224
17,224
20,224
21,224
24,224
27,224
36,224
37,224
38,224
40,224
41,224
46,224
54,224
57,224
60,224
65,224
66,224
67,224
69,224
70,224
71,224
75,224
76,224
78,224
85,224
91,224
95,224
96,224
3,225
4,225
5,225
10,225
13,225
14,225
15,225
18,225
21,225
24,225
27,225
28,225
32,225
36,225
37,225
41,225
44,225
47,225
52,225
54,225
57,225
61,225
63,225
65,225
66,225
71,225
72,225
75,225
76,225
78,225
84,225
85,225
91,225
95,225
97,225
98,225
99,225
5,226
8,226
13,226
14,226
15,226
21,226
22,226
24,226
32,226
35,226
36,226
41,226
42,226
43,226
44,226
54,226
56,226
57,226
60,226
61,226
66,226
71,226
75,226
76,226
78,226
82,226
85,226
87,226
91,226
94,226
96,226
97,226
100,226
2,227
5,227
8,227
12,227
13,227
14,227
21,227
24,227
30,227
31,227
32,227
33,227
36,227
37,227
41,227
43,227
44,227
46,227
47,227
54,227
55,227
57,227
60,227
61,227
63,227
66,227
67,227
69,227
70,227
71,227
72,227
75,227
76,227
84,227
85,227
91,227
92,227
97,227
98,227
5,228
10,228
14,228
15,228
21,228
24,228
31,228
36,228
39,228
40,228
41,228
47,228
48,228
52,228
54,228
56,228
57,228
60,228
65,228
66,228
71,228
72,228
75,228
76,228
79,228
87,228
91,228
93,228
96,228
97,228
99,228
5,229
13,229
14,229
20,229
21,229
22,229
24,229
27,229
30,229
32,229
35,229
36,229
39,229
41,229
43,229
44,229
46,229
54,229
55,229
57,229
61,229
62,229
66,229
71,229
75,229
76,229
79,229
82,229
85,229
91,229
95,229
96,229
2,230
5,230
6,230
9,230
10,230
14,230
16,230
20,230
21,230
24,230
26,230
27,230
28,230
30,230
35,230
36,230
38,230
41,230
44,230
46,230
47,230
48,230
52,230
54,230
56,230
57,230
60,230
66,230
69,230
71,230
75,230
76,230
78,230
82,230
87,230
91,230
96,230
5,231
6,231
13,231
14,231
17,231
18,231
21,231
22,231
24,231
33,231
35,231
36,231
41,231
42,231
43,231
44,231
47,231
52,231
54,231
55,231
56,231
57,231
60,231
62,231
63,231
66,231
71,231
73,231
75,231
76,231
78,231
79,231
91,231
99,231
2,232
5,232
12,232
14,232
15,232
19,232
21,232
24,232
27,232
31,232
32,232
33,232
36,232
37,232
39,232
41,232
44,232
46,232
54,232
55,232
57,232
60,232
62,232
66,232
70,232
71,232
75,232
76,232
87,232
91,232
92,232
94,232
96,232
99,232
100,232
3,233
5,233
6,233
8,233
12,233
14,233
21,233
24,233
32,233
35,233
36,233
37,233
40,233
41,233
42,233
46,233
47,233
54,233
55,233
57,233
63,233
66,233
69,233
71,233
72,233
73,233
75,233
76,233
79,233
87,233
91,233
95,233
96,233
100,233
2,234
3,234
5,234
8,234
12,234
14,234
17,234
18,234
21,234
24,234
26,234
28,234
33,234
36,234
38,234
41,234
46,234
47,234
52,234
54,234
57,234
65,234
66,234
67,234
71,234
72,234
73,234
75,234
76,234
78,234
84,234
87,234
91,234
93,234
94,234
3,235
4,235
5,235
9,235
10,235
12,235
14,235
18,235
19,235
21,235
24,235
27,235
28,235
36,235
41,235
44,235
50,235
54,235
57,235
62,235
66,235
71,235
72,235
73,235
75,235
76,235
78,235
82,235
84,235
85,235
91,235
93,235
96,235
98,235
2,236
4,236
5,236
10,236
14,236
15,236
18,236
21,236
24,236
26,236
28,236
30,236
31,236
32,236
36,236
38,236
41,236
42,236
43,236
47,236
54,236
57,236
61,236
66,236
69,236
71,236
75,236
76,236
87,236
91,236
5,237
6,237
10,237
12,237
14,237
18,237
20,237
21,237
24,237
26,237
32,237
36,237
39,237
40,237
41,237
46,237
47,237
54,237
56,237
57,237
61,237
66,237
69,237
71,237
73,237
75,237
76,237
91,237
95,237
96,237
97,237
99,237
3,238
5,238
13,238
14,238
16,238
21,238
22,238
24,238
30,238
31,238
35,238
36,238
37,238
41,238
46,238
48,238
54,238
55,238
57,238
66,238
71,238
75,238
76,238
85,238
91,238
96,238
100,238
5,239
6,239
9,239
12,239
14,239
16,239
20,239
21,239
24,239
31,239
36,239
38,239
41,239
43,239
44,239
46,239
50,239
54,239
55,239
57,239
65,239
66,239
71,239
75,239
76,239
79,239
82,239
87,239
91,239
94,239
99,239
2,240
5,240
14,240
16,240
20,240
21,240
22,240
24,240
27,240
32,240
35,240
36,240
41,240
44,240
46,240
54,240
55,240
57,240
65,240
66,240
71,240
75,240
76,240
78,240
85,240
91,240
93,240
95,240
99,240
100,240
2,241
5,241
6,241
9,241
10,241
12,241
14,241
17,241
19,241
21,241
22,241
24,241
36,241
41,241
46,241
47,241
50,241
54,241
57,241
63,241
65,241
66,241
67,241
69,241
71,241
73,241
75,241
76,241
78,241
82,241
85,241
87,241
91,241
92,241
93,241
94,241
99,241
4,242
5,242
8,242
10,242
13,242
14,242
17,242
18,242
19,242
20,242
21,242
22,242
24,242
26,242
27,242
36,242
40,242
41,242
54,242
55,242
57,242
65,242
66,242
67,242
71,242
72,242
73,242
75,242
76,242
79,242
91,242
92,242
97,242
5,243
10,243
13,243
14,243
16,243
21,243
24,243
30,243
33,243
36,243
37,243
38,243
41,243
42,243
46,243
48,243
52,243
54,243
55,243
57,243
61,243
65,243
66,243
67,243
69,243
71,243
72,243
75,243
76,243
79,243
84,243
85,243
91,243
94,243
96,243
4,244
5,244
6,244
9,244
10,244
11,244
12,244
13,244
14,244
16,244
19,244
20,244
21,244
24,244
28,244
32,244
35,244
36,244
37,244
40,244
41,244
43,244
44,244
52,244
54,244
57,244
60,244
61,244
62,244
65,244
66,244
67,244
69,244
71,244
75,244
76,244
85,244
91,244
94,244
96,244
5,245
6,245
8,245
10,245
14,245
20,245
21,245
22,245
24,245
35,245
36,245
38,245
39,245
41,245
46,245
52,245
54,245
57,245
60,245
62,245
65,245
66,245
70,245
71,245
75,245
76,245
78,245
84,245
91,245
92,245
93,245
99,245
100,245
2,246
3,246
5,246
14,246
21,246
22,246
24,246
31,246
33,246
36,246
41,246
46,246
54,246
55,246
57,246
61,246
63,246
66,246
71,246
72,246
75,246
76,246
78,246
82,246
87,246
91,246
92,246
95,246
96,246
97,246
100,246
2,247
5,247
8,247
9,247
14,247
20,247
21,247
24,247
26,247
35,247
36,247
41,247
42,247
46,247
54,247
57,247
60,247
63,247
65,247
66,247
69,247
70,247
71,247
75,247
76,247
79,247
85,247
91,247
3,248
4,248
5,248
11,248
14,248
17,248
18,248
21,248
24,248
27,248
31,248
36,248
38,248
41,248
42,248
43,248
48,248
54,248
55,248
56,248
57,248
60,248
62,248
63,248
66,248
67,248
69,248
70,248
71,248
75,248
76,248
91,248
93,248
94,248
96,248
98,248
100,248
4,249
5,249
6,249
8,249
14,249
16,249
20,249
21,249
24,249
31,249
32,249
35,249
36,249
39,249
40,249
41,249
44,249
46,249
47,249
54,249
55,249
57,249
65,249
66,249
71,249
72,249
75,249
76,249
78,249
91,249
94,249
96,249
98,249
100,249
4,250
5,250
9,250
11,250
12,250
13,250
14,250
18,250
21,250
24,250
30,250
33,250
36,250
38,250
41,250
42,250
46,250
54,250
57,250
62,250
66,250
67,250
70,250
71,250
75,250
76,250
84,250
91,250
92,250
95,250
96,250
5,251
11,251
13,251
14,251
18,251
19,251
21,251
22,251
24,251
28,251
32,251
36,251
38,251
39,251
41,251
42,251
54,251
56,251
57,251
66,251
71,251
72,251
75,251
76,251
79,251
91,251
94,251
98,251
4,252
5,252
6,252
9,252
12,252
14,252
16,252
19,252
21,252
24,252
27,252
30,252
31,252
36,252
38,252
41,252
47,252
52,252
54,252
56,252
57,252
61,252
62,252
65,252
66,252
67,252
70,252
71,252
73,252
75,252
76,252
82,252
91,252
95,252
3,253
4,253
5,253
9,253
11,253
12,253
13,253
14,253
21,253
24,253
26,253
28,253
30,253
31,253
35,253
36,253
38,253
41,253
50,253
52,253
54,253
57,253
65,253
66,253
69,253
70,253
71,253
75,253
76,253
91,253
93,253
95,253
5,254
6,254
10,254
11,254
14,254
16,254
21,254
22,254
24,254
30,254
36,254
38,254
39,254
41,254
44,254
50,254
54,254
57,254
66,254
69,254
70,254
71,254
73,254
75,254
76,254
79,254
85,254
91,254
96,254
97,254
98,254
5,255
6,255
10,255
11,255
12,255
13,255
14,255
19,255
21,255
22,255
24,255
27,255
35,255
36,255
38,255
41,255
42,255
52,255
54,255
57,255
60,255
62,255
65,255
66,255
70,255
71,255
75,255
76,255
82,255
84,255
91,255
94,255
100,255
3,256
4,256
5,256
12,256
13,256
14,256
16,256
19,256
20,256
21,256
22,256
24,256
27,256
28,256
35,256
36,256
38,256
39,256
41,256
43,256
44,256
46,256
48,256
54,256
57,256
60,256
62,256
63,256
65,256
66,256
71,256
75,256
76,256
79,256
84,256
91,256
92,256
93,256
97,256
98,256
99,256
3,257
5,257
10,257
12,257
14,257
15,257
18,257
20,257
21,257
24,257
26,257
31,257
33,257
35,257
36,257
39,257
41,257
43,257
47,257
48,257
54,257
57,257
60,257
61,257
65,257
66,257
70,257
71,257
73,257
75,257
76,257
82,257
91,257
92,257
95,257
97,257